Site_ID,Cluster_3,Site,Region,Location,Neolithic,Neolithic_class,Chalcolithic,Chalcolithic_class,Bronze_Age,Bronze_class,Iron_Age,Iron_class,Roman,Roman_class,Ear_Byz,Ear_Byz_class,F1st_Bul_Emp,F1st_Bul_Emp_class,F2nd_Bul_Emp,F2nd_Bul_Emp_class,Material_general,Exposure_class,Exposure_tx,Int_Status,Nat_Status,DEM_,Slope_,Aspect_cos_,Aspect_sin_,FL_Dist,FL_Depth,rusle_cluster,rusle_log,Rusle_MTH,Final_FWI,FWI_MTH,FWI_DIST,ELSUS,ELSUS_MTH,ELSUS_DIST,PGA,Lithology,CLC_code,CLC_text,SEIS_SCR,FLOOD_SCR,FWI_SCR,ELSUS_SCR,RUSLE_SCR,ASSET_SCR,GI_Status,WLC_RISK,RISK_CLASS
SITE_0001,1,Ahtopol Fortress,Burgas,Ahtopol,0,,0,,0,,1,Hillfort,1,Fort,1,Fortress,1,Fortress,1,Fortress,Mortared stone masonry,1,Exposed,,Architectural-construction,17.49,5.71,0.852001,-0.360755,4179.39,0.000,,0.839006,Coastal excl.,8.03,Nearest valid cell,19815.05,3,Near≤400m,366.54,0.072482,Intermediate Volcanic,112,Discontinuous urban fabric,1,1,3,5,,1,99% cold spot,2.187943,Low
SITE_0002,1,Kozareva Mogila,Burgas,Beronovo,0,,0,,1,Burial mound,1,Thracian mound,0,,0,,0,,0,,Earthwork (earthen burial mound),2,Partially exposed,,,87.16,3.50,-0.021230,-0.964428,15227.79,0.000,1.0408,0.713329,Direct,12.47,Direct,0.00,2,Direct,77.79,0.096771,Undifferentiated Sediment,211,Non-irrigated arable land,1,1,3,3,3,7,99% cold spot,3.029679,Low
SITE_0003,1,Poros Fortress,Burgas,Burgas,0,,0,,0,,0,,1,Fort,0,,0,,0,,Mortared stone masonry,1,Exposed,,,1.27,5.13,0.369055,-0.883955,110.24,0.000,,0.839006,Coastal excl.,12.60,Direct,0.00,3,Near≤400m,185.41,0.083880,Lake Sediment,512,Water bodies,1,5,3,5,,1,99% cold spot,2.322317,Low
SITE_0004,1,Cape Akra settlement,Burgas,Chernomorets,0,,0,,0,,1,Fortified settlement,1,Town,1,Fortified town,0,,1,Fortified settlement,Mortared stone masonry,1,Exposed,,Archaeological (single),19.61,6.09,-0.820224,-0.181786,6422.03,0.000,,0.839006,Coastal excl.,12.60,Nearest valid cell,11433.83,,NoData>400m,618.89,0.088259,,321,Natural grasslands,1,1,3,,,1,99% cold spot,1.745817,Very Low
SITE_0005,1,Deultum,Burgas,Debelt,0,,0,,0,,0,,1,Town,1,Fortified town,1,Fortified settlement,0,,Mortared stone masonry,1,Exposed,,National Reserve,10.68,2.14,-0.989199,0.061763,130.00,0.000,,0.839006,Urban excl.,21.27,Direct,0.00,1,Direct,45.60,0.088321,Intermediate Volcanic,242,Complex cultivation patterns,1,5,5,1,,1,99% cold spot,2.423349,Low
SITE_0006,1,Gornoto Gradishte,Burgas,Debelt,0,,0,,0,,0,,0,,0,,0,,1,Fortified settlement,Mortared stone masonry,1,Exposed,,Architectural-construction,28.62,4.18,0.073947,-0.962364,150.00,0.000,1.8888,1.060844,Direct,21.27,Direct,0.00,1,Direct,109.56,0.088321,Intermediate Volcanic,231,Pastures,1,5,5,1,3,1,99% cold spot,2.474148,Low
SITE_0007,1,Antimovo Fortress,Burgas,Ekzarh Antimovo,0,,0,,0,,0,,1,Fort,1,Fortress,0,,0,,Mortared stone masonry,1,Exposed,,Architectural-construction,263.72,4.73,-0.605743,-0.794508,5631.07,0.000,7.7880,2.173389,Direct,28.97,Direct,0.00,3,Direct,58.46,0.111784,Intermediate Volcanic,231,Pastures,3,1,7,5,7,1,90% cold spot,4.374992,Moderate
SITE_0008,1,Poros Fortress wall,Burgas,Foros Peninsula,0,,0,,0,,0,,1,Fort,1,Fortress,0,,0,,Mortared stone masonry,1,Exposed,,Archaeological (single),8.32,5.87,-0.883187,0.455964,100.00,0.000,,0.839006,Coastal excl.,12.60,Direct,0.00,,NoData>400m,607.06,0.090596,,121,Industrial or commercial units,1,7,3,,,1,99% cold spot,1.979069,Very Low
SITE_0009,1,Dolmen Dragon house,Burgas,Granichar,0,,0,,0,,1,Thracian Dolmen,0,,0,,0,,0,,Dry stone masonry,3,Mostly subsurface,,Architectural-construction,134.33,2.23,-0.145129,0.384188,21551.05,0.000,0.0182,0.017996,Direct,15.53,Nearest valid cell,21670.60,3,Direct,95.88,0.073701,Intermediate Volcanic,311,Broad-leaved forest,1,1,3,5,1,5,99% cold spot,2.761952,Low
SITE_0010,1,Urdoviza Fortress,Burgas,Kiten,0,,0,,1,Enclosure,1,Hillfort,1,Fort,1,Fortress,1,Fortress,0,,Mortared stone masonry,1,Exposed,,Architectural-construction,15.79,4.00,0.131488,-0.930589,17227.65,0.000,,0.839006,Urban excl.,15.53,Nearest valid cell,23262.48,4,Direct,96.43,0.071770,Undifferentiated Sediment,112,Discontinuous urban fabric,1,1,3,7,,1,99% cold spot,2.459670,Low
SITE_0011,1,Gradishte Fortress II,Burgas,Lozarevo,0,,0,,0,,0,,0,,1,Fortress,1,Fortress,1,Fortress,Mortared stone masonry,1,Exposed,,Architectural-construction,232.11,2.65,-0.788097,-0.449197,16769.59,0.000,4.8679,1.769490,Direct,15.27,Direct,0.00,5,Direct,33.75,0.124780,Undifferentiated Sediment,211,Non-irrigated arable land,3,1,3,9,5,1,Not significant,3.518960,Low
SITE_0012,2,Mishkova Niva,Burgas,Malko Tarnovo,0,,0,,0,,1,Sanctuary,1,Temple,1,Church,0,,0,,Mortared mixed masonry (stone + brick),1,Exposed,,,452.13,8.79,-0.656961,-0.261371,12214.12,0.000,0.0984,0.093877,Direct,11.57,Direct,0.00,3,Near≤400m,356.69,0.076049,"Granitoid, Granite, Leucogranite, Granodiorite",313,Mixed forest,1,1,3,5,1,3,99% cold spot,3.165558,Low
SITE_0013,1,Necropolis City of the dead,Burgas,Malko Tarnovo,0,,0,,0,,1,Thracian mound,1,Necropolis,0,,0,,0,,Earthwork (earthen burial mound),3,Mostly subsurface,,,460.01,2.17,0.835671,0.095923,10448.61,0.000,0.0781,0.075193,Direct,11.57,Direct,0.00,4,Direct,84.71,0.076049,Metamorphic Complex,311,Broad-leaved forest,1,1,3,7,1,7,99% cold spot,3.349071,Low
SITE_0014,1,Golyamoto Kale,Burgas,Mladezhko,0,,0,,0,,1,Fortified settlement,0,,1,Fortress,0,,0,,Mortared stone masonry,1,Exposed,,Architectural-construction,298.11,2.88,0.221221,0.610573,19039.89,0.000,0.1135,0.107502,Direct,24.87,Direct,0.00,2,Direct,62.21,0.077612,Metamorphic Complex,311,Broad-leaved forest,1,1,5,3,1,1,99% cold spot,2.423214,Low
SITE_0015,1,Church of Christ Pantokrator,Burgas,Nessebar,0,,0,,0,,0,,0,,0,,0,,1,Church,Mortared mixed masonry (stone + brick),1,Exposed,UNESCO World Heritage,Architectural-Historical Reserve,13.97,4.56,0.609961,0.045116,26339.91,0.000,,0.839006,Urban excl.,8.70,Direct,0.00,,NoData>400m,976.77,0.095592,,112,Discontinuous urban fabric,1,1,3,,,3,99% cold spot,2.176432,Low
SITE_0016,1,Church of St. John Aliturgetos,Burgas,Nessebar,0,,0,,0,,0,,0,,0,,0,,1,Church,Mortared mixed masonry (stone + brick),1,Exposed,UNESCO World Heritage,Architectural-Historical Reserve,11.03,8.88,-0.919837,-0.169912,26374.25,0.000,,0.839006,Urban excl.,8.70,Direct,0.00,,NoData>400m,1006.73,0.095592,,112,Discontinuous urban fabric,1,1,3,,,3,99% cold spot,2.176432,Low
SITE_0017,1,Church of St. John the Baptist,Burgas,Nessebar,0,,0,,0,,0,,0,,0,,1,Church,0,,Mortared mixed masonry (stone + brick),1,Exposed,UNESCO World Heritage,Architectural-Historical Reserve,13.30,8.55,0.785353,0.156280,26394.67,0.000,,0.839006,Urban excl.,8.70,Direct,0.00,,NoData>400m,1028.98,0.095592,,112,Discontinuous urban fabric,1,1,3,,,3,99% cold spot,2.176432,Low
SITE_0018,1,Church of St. Paraskeva,Burgas,Nessebar,0,,0,,0,,0,,0,,0,,0,,1,Church,Mortared mixed masonry (stone + brick),1,Exposed,UNESCO World Heritage,,18.50,5.27,0.869215,0.283524,26509.50,0.000,,0.839006,Urban excl.,8.70,Direct,0.00,,NoData>400m,1141.30,0.095592,,112,Discontinuous urban fabric,1,1,3,,,3,99% cold spot,2.176432,Low
SITE_0019,1,Church of St. Stefan,Burgas,Nessebar,0,,0,,0,,0,,0,,0,,1,Church,0,,Mortared mixed masonry (stone + brick),1,Exposed,UNESCO World Heritage,,16.93,7.88,-0.101681,-0.939991,26351.23,0.000,,0.839006,Urban excl.,8.70,Direct,0.00,,NoData>400m,982.42,0.095592,,112,Discontinuous urban fabric,1,1,3,,,3,99% cold spot,2.176432,Low
SITE_0020,1,Church of St. Theodore,Burgas,Nessebar,0,,0,,0,,0,,0,,0,,0,,1,Church,Mortared mixed masonry (stone + brick),1,Exposed,UNESCO World Heritage,,21.44,5.41,-0.886258,-0.385406,26782.94,0.000,,0.839006,Urban excl.,8.70,Direct,0.00,,NoData>400m,1404.60,0.095592,,112,Discontinuous urban fabric,1,1,3,,,3,99% cold spot,2.176432,Low
SITE_0021,1,Church of St. Vlahara,Burgas,Nessebar,0,,0,,0,,0,,0,,0,,0,,1,Church,Mortared mixed masonry (stone + brick),1,Exposed,UNESCO World Heritage,Architectural-Historical Reserve,19.65,3.21,0.420235,-0.526537,26625.88,0.000,,0.839006,Urban excl.,8.70,Direct,0.00,,NoData>400m,1253.77,0.095592,,112,Discontinuous urban fabric,1,1,3,,,3,99% cold spot,2.176432,Low
SITE_0022,1,Church of the Holy Archangels,Burgas,Nessebar,0,,0,,0,,0,,0,,0,,0,,1,Church,Mortared mixed masonry (stone + brick),1,Exposed,UNESCO World Heritage,Architectural-Historical Reserve,15.81,5.68,0.626261,-0.635668,26482.34,0.000,,0.839006,Urban excl.,8.70,Direct,0.00,,NoData>400m,1105.94,0.095592,,112,Discontinuous urban fabric,1,1,3,,,3,99% cold spot,2.176432,Low
SITE_0023,1,Fortification of Mesembria Pontica,Burgas,Nessebar,0,,0,,0,,0,,0,,1,Fortress,1,Fortress,1,Fortress,Mortared stone masonry,1,Exposed,UNESCO World Heritage,Architectural-Historical Reserve,7.27,5.69,0.562773,-0.752342,26119.92,0.000,,0.839006,Urban excl.,8.70,Direct,0.00,,NoData>400m,768.03,0.100502,,112,Discontinuous urban fabric,3,1,3,,,1,99% cold spot,2.491634,Low
SITE_0024,1,Foundations of Basilica Eliusa,Burgas,Nessebar,0,,0,,0,,0,,1,Temple,1,Basilica,0,,0,,Mortared mixed masonry (stone + brick),1,Exposed,UNESCO World Heritage,Architectural-Historical Reserve,8.48,17.93,0.769306,0.611601,26751.65,0.000,,0.839006,Urban excl.,8.70,Direct,0.00,,NoData>400m,1337.08,0.095592,,112,Discontinuous urban fabric,1,1,3,,,3,99% cold spot,2.176432,Low
SITE_0025,1,Mesembria Terms,Burgas,Nessebar,0,,0,,0,,0,,0,,1,Infrastructure,0,,0,,Mortared stone masonry,1,Exposed,UNESCO World Heritage,Architectural-Historical Reserve,9.29,9.62,-0.354825,-0.876959,26407.07,0.000,,0.839006,Urban excl.,8.70,Direct,0.00,,NoData>400m,1039.05,0.095592,,112,Discontinuous urban fabric,1,1,3,,,1,99% cold spot,1.745817,Very Low
SITE_0026,1,Mesembria West St. John,Burgas,Nessebar,0,,0,,0,,1,Settlement,0,,0,,0,,0,,Earthwork / earthen architecture,1,Exposed,,,16.32,2.37,0.314367,0.537861,25519.19,0.000,,0.839006,Urban excl.,8.70,Direct,0.00,3,Near≤400m,119.77,0.100502,Undifferentiated Sediment,112,Discontinuous urban fabric,3,1,3,5,,9,99% cold spot,4.320872,Moderate
SITE_0027,1,Stara Mitropolia,Burgas,Nessebar,0,,0,,0,,0,,0,,1,Basilica,0,,0,,Mortared mixed masonry (stone + brick),1,Exposed,UNESCO World Heritage,Architectural-Historical Reserve,16.89,6.40,0.693304,0.508793,26554.20,0.000,,0.839006,Urban excl.,8.70,Direct,0.00,,NoData>400m,1186.63,0.095592,,112,Discontinuous urban fabric,1,1,3,,,3,99% cold spot,2.176432,Low
SITE_0028,1,Anchialos Building,Burgas,Pomorie,0,,0,,0,,0,,1,Villa,1,Villa,0,,1,Cemetery,Mortared stone masonry,1,Exposed,,,2.19,2.87,-0.793910,-0.298772,12321.05,0.000,0.7325,0.549573,Direct,12.60,Direct,0.00,1,Direct,29.28,0.096771,Undifferentiated Sediment,242,Complex cultivation patterns,1,1,3,1,1,1,99% cold spot,1.587712,Very Low
SITE_0029,1,Anchialos Christian Church,Burgas,Pomorie,0,,0,,0,,0,,1,Town,0,,1,Cemetery,0,,Mortared stone masonry,1,Exposed,,,1.64,4.51,0.400457,-0.137507,12950.14,0.000,,0.839006,Urban excl.,12.60,Direct,0.00,2,Near≤400m,156.83,0.096771,,112,Discontinuous urban fabric,1,1,3,3,,1,99% cold spot,1.916215,Very Low
SITE_0030,1,Anchialos Church,Burgas,Pomorie,0,,0,,0,,0,,0,,0,,1,Church,0,,Mortared mixed masonry (stone + brick),1,Exposed,,,4.18,3.11,-0.162521,-0.185799,12501.99,0.000,,0.839006,Urban excl.,12.60,Direct,0.00,2,Direct,81.44,0.096771,Undifferentiated Sediment,112,Discontinuous urban fabric,1,1,3,3,,3,99% cold spot,2.288326,Low
SITE_0031,1,Anchialos Fortification,Burgas,Pomorie,0,,0,,0,,0,,0,,1,Fortified town,1,Fortress,0,,Mortared stone masonry,1,Exposed,,,7.45,4.92,-0.078366,-0.552970,12950.24,0.000,,0.839006,Urban excl.,12.60,Direct,0.00,2,Direct,85.02,0.096771,Undifferentiated Sediment,112,Discontinuous urban fabric,1,1,3,3,,1,99% cold spot,1.916215,Very Low
SITE_0032,1,Anchialos Necropolis,Burgas,Pomorie,0,,0,,0,,0,,1,Necropolis,0,,0,,0,,Burial deposits / unspecified construction,3,Mostly subsurface,,,2.02,1.56,0.481710,-0.838114,13172.03,0.000,,0.839006,Urban excl.,12.60,Direct,0.00,2,Near≤400m,285.55,0.096771,,112,Discontinuous urban fabric,1,1,3,3,,7,99% cold spot,3.032546,Low
SITE_0033,1,Pomorie tomb,Burgas,Pomorie,0,,0,,0,,0,,1,Necropolis,0,,0,,0,,Mortared mixed masonry (stone + brick),3,Mostly subsurface,,Architectural-construction,23.16,12.98,-0.899843,-0.090699,11388.28,0.000,1.6192,0.962884,Direct,12.60,Direct,0.00,2,Near≤400m,301.14,0.096771,,222,Fruit trees and berry plantations,1,1,3,3,3,3,99% cold spot,2.351020,Low
SITE_0034,1,Begliktash,Burgas,Primorsko,0,,0,,1,Rock sanctuary,0,,0,,0,,0,,0,,Rock-cut / bedrock construction,2,Partially exposed,,Archaeological (single),127.38,2.48,-0.520827,-0.460007,22403.09,0.000,0.1024,0.097476,Direct,15.53,Nearest valid cell,23063.39,3,Direct,112.12,0.073701,Intermediate Volcanic,311,Broad-leaved forest,1,1,3,5,1,5,99% cold spot,2.761952,Low
SITE_0035,1,Chengerska mound,Burgas,Primorsko,0,,0,,0,,1,Thracian mound,0,,0,,0,,0,,Earthwork (earthen burial mound),3,Mostly subsurface,,,55.45,4.73,0.815789,-0.534225,21867.44,0.000,0.0096,0.009559,Direct,15.53,Nearest valid cell,20165.29,2,Direct,82.72,0.073701,Intermediate Volcanic,311,Broad-leaved forest,1,1,3,3,1,7,99% cold spot,2.853491,Low
SITE_0036,1,Mound Stamopolu,Burgas,Primorsko,0,,0,,0,,1,Thracian mound,0,,0,,0,,0,,Earthwork (earthen burial mound),3,Mostly subsurface,,Archaeological (single),7.46,9.14,0.354665,0.462229,22765.02,0.000,0.0043,0.004286,Direct,15.53,Nearest valid cell,21227.14,2,Direct,81.78,0.073701,Undifferentiated Sediment,311,Broad-leaved forest,1,1,3,3,1,7,99% cold spot,2.853491,Low
SITE_0037,1,Oriospotamo,Burgas,Primorsko,0,,0,,0,,0,,1,Town,1,Fortified town,0,,1,Fortified settlement,Mortared stone masonry,1,Exposed,,,17.59,7.24,0.222660,-0.964938,21494.96,0.000,,0.839006,Coastal excl.,15.53,Nearest valid cell,23164.87,,NoData>400m,406.30,0.073701,,523,Sea and ocean,1,1,3,,,1,99% cold spot,1.745817,Very Low
SITE_0038,1,Ranuli Fortress,Burgas,Primorsko,0,,0,,1,Enclosure,1,Hillfort,1,Fort,1,Fortress,1,Fortress,1,Fortress,Mortared stone masonry,1,Exposed,,,107.85,23.73,0.259684,-0.925804,20083.21,0.000,0.1716,0.158386,Direct,15.53,Nearest valid cell,20708.26,4,Direct,24.76,0.073701,Intermediate Volcanic,311,Broad-leaved forest,1,1,3,7,1,1,99% cold spot,2.331082,Low
SITE_0039,1,Thera Fortress foundation,Burgas,Primorsko,0,,0,,0,,1,Hillfort,1,Fort,0,,0,,0,,Mortared stone masonry,1,Exposed,,,17.01,8.22,-0.557934,-0.778805,24287.93,0.000,0.8118,0.594320,Direct,15.53,Nearest valid cell,24861.87,,NoData>400m,551.66,0.073701,,324,Transitional woodland-shrub,1,1,3,,1,1,99% cold spot,1.670824,Very Low
SITE_0040,1,Rusokastro Fortress,Burgas,Rusokastro,0,,0,,0,,0,,1,Fort,1,Fortress,1,Fortress,1,Fortress,Mortared stone masonry,1,Exposed,,Architectural-construction,102.36,12.99,-0.691910,0.482971,11748.03,0.000,0.4883,0.397623,Direct,21.27,Direct,0.00,4,Direct,66.54,0.096750,Intermediate Volcanic,321,Natural grasslands,1,1,5,7,1,1,99% cold spot,2.918794,Low
SITE_0041,1,Apollonia Pontica Cape Skamni,Burgas,Sozopol,0,,0,,0,,1,Sanctuary,0,,1,Basilica,1,Fortified settlement,0,,Mortared stone masonry,1,Exposed,,Architectural-Historical Reserve,12.44,11.55,0.387274,0.868729,12881.33,0.000,,0.839006,Coastal excl.,12.60,Nearest valid cell,18405.50,,NoData>400m,649.48,0.079626,Intermediate Volcanic,112,Discontinuous urban fabric,1,1,3,,,1,99% cold spot,1.745817,Very Low
SITE_0042,1,Apollonia Pontica Chapel,Burgas,Sozopol,0,,0,,0,,0,,0,,0,,0,,1,Church,Mortared mixed masonry (stone + brick),1,Exposed,,Architectural-Historical Reserve,6.48,7.08,0.503505,0.579181,12245.84,0.000,,0.839006,Urban excl.,12.60,Nearest valid cell,18149.44,4,Near≤400m,119.39,0.079626,Intermediate Volcanic,112,Discontinuous urban fabric,1,1,3,7,,3,99% cold spot,2.831781,Low
SITE_0043,1,Fortification of St. John Monastery,Burgas,Sozopol,0,,0,,0,,1,Fortified settlement,0,,0,,0,,0,,Earthwork / early stone construction,1,Exposed,,,0.00,2.88,-0.580375,-0.046959,10638.14,0.000,,0.839006,Coastal excl.,12.60,Nearest valid cell,17257.62,,NoData>400m,1795.14,0.079626,,523,Sea and ocean,1,1,3,,,7,99% cold spot,3.037664,Low
SITE_0044,1,Island St. Kirik and St. Julita,Burgas,Sozopol,0,,0,,0,,1,Fortified settlement,1,Town,1,Fortified town,0,,1,Fortified settlement,Mortared stone masonry,1,Exposed,,Architectural-historical reserve,16.23,9.58,-0.792900,0.249183,12958.11,0.000,,0.839006,Urban excl.,12.60,Nearest valid cell,17668.57,,NoData>400m,564.82,0.079626,,123,Port areas,1,1,3,,,1,99% cold spot,1.745817,Very Low
SITE_0045,1,Mesarite,Burgas,Sozopol,0,,0,,0,,1,Settlement,0,,0,,0,,0,,Earthwork / earthen architecture,1,Exposed,,,69.28,6.65,-0.287305,-0.956387,10999.44,0.000,0.0112,0.011111,Direct,12.60,Nearest valid cell,18401.94,4,Direct,48.24,0.079626,Intermediate Volcanic,242,Complex cultivation patterns,1,1,3,7,1,9,99% cold spot,3.688401,Low
SITE_0046,1,Monastery of St. John the Baptist,Burgas,Sozopol,0,,0,,0,,0,,0,,1,Monastery,1,Monastery,1,Monastery,Mortared mixed masonry (stone + brick),1,Exposed,,Archaeological Reserve (group),0.00,0.00,0.000000,0.000000,10638.14,0.000,,0.839006,Coastal excl.,12.60,Nearest valid cell,17278.47,,NoData>400m,1755.60,0.079626,,523,Sea and ocean,1,1,3,,,3,99% cold spot,2.176432,Low
SITE_0047,1,Necropolis of Apollonia I,Burgas,Sozopol,0,,0,,0,,1,Thracian mound,0,,0,,0,,0,,Earthwork (earthen burial mound),3,Mostly subsurface,,Architectural-Historical Reserve,28.99,4.87,-0.969441,-0.107115,12972.24,0.000,,0.839006,Urban excl.,12.60,Nearest valid cell,20396.53,3,Direct,24.64,0.079626,Intermediate Volcanic,142,Sport and leisure facilities,1,1,3,5,,7,99% cold spot,3.304274,Low
SITE_0048,1,Necropolis of Apollonia II,Burgas,Sozopol,0,,0,,0,,1,Thracian mound,0,,0,,0,,0,,Earthwork (earthen burial mound),3,Mostly subsurface,,Architectural-Historical Reserve,7.89,8.53,0.923130,-0.058308,12628.92,0.000,,0.839006,Urban excl.,12.60,Nearest valid cell,19776.45,4,Direct,23.04,0.079626,Intermediate Volcanic,523,Sea and ocean,1,1,3,7,,7,99% cold spot,3.576002,Low
SITE_0049,1,Necropolis of Apollonia III,Burgas,Sozopol,0,,0,,0,,1,Thracian mound,0,,0,,0,,0,,Earthwork (earthen burial mound),3,Mostly subsurface,,Architectural-Historical Reserve,31.04,2.35,0.227718,-0.390263,14377.61,0.000,,0.839006,Urban excl.,12.60,Nearest valid cell,21234.99,4,Direct,108.29,0.079626,Intermediate Volcanic,142,Sport and leisure facilities,1,1,3,7,,7,99% cold spot,3.576002,Low
SITE_0050,1,Sozopolis Southern Complex,Burgas,Sozopol,0,,0,,0,,1,Sanctuary,0,,1,Fortified settlement,1,Church,0,,Mortared mixed masonry (stone + brick),1,Exposed,,,18.85,10.43,-0.853906,-0.379886,12672.36,0.000,,0.839006,Urban excl.,12.60,Nearest valid cell,18248.73,,NoData>400m,487.95,0.079626,Intermediate Volcanic,112,Discontinuous urban fabric,1,1,3,,,3,99% cold spot,2.176432,Low
SITE_0051,1,Sozopolis Southern Fortification,Burgas,Sozopol,0,,0,,0,,1,Sanctuary,0,,1,Fortified settlement,0,,0,,Mortared stone masonry,1,Exposed,,,14.23,17.88,-0.337623,0.878080,12494.49,0.000,,0.839006,Urban excl.,12.60,Nearest valid cell,18197.64,4,Near≤400m,318.04,0.079626,Intermediate Volcanic,112,Discontinuous urban fabric,1,1,3,7,,1,99% cold spot,2.459670,Low
SITE_0052,1,St. Marina Oikos,Burgas,Sozopol,0,,0,,0,,1,Settlement,0,,0,,0,,0,,Earthwork / earthen architecture,1,Exposed,,,56.15,5.96,-0.831372,-0.525709,10533.78,0.000,0.0353,0.034654,Direct,12.60,Nearest valid cell,18091.02,3,Direct,66.96,0.079626,Intermediate Volcanic,313,Mixed forest,1,1,3,5,1,9,99% cold spot,3.440611,Low
SITE_0053,1,Via sacra,Burgas,Sozopol,0,,0,,0,,1,Infrastructure,1,Infrastructure,1,Infrastructure,0,,0,,Mortared stone masonry,1,Exposed,,Architectural-Historical Reserve,3.64,5.64,0.957935,0.096095,12284.43,0.000,,0.839006,Urban excl.,12.60,Nearest valid cell,19291.89,3,Direct,59.07,0.079626,Intermediate Volcanic,142,Sport and leisure facilities,1,1,3,5,,1,99% cold spot,2.187943,Low
SITE_0054,1,Aquae Calidae,Burgas,Vetren,0,,0,,1,Ritual site,1,Infrastructure,1,Infrastructure,1,Infrastructure,1,Infrastructure,1,Infrastructure,Mortared stone masonry,1,Exposed,,Archaeological (group),35.85,8.63,-0.373100,0.441454,10396.04,0.000,,0.839006,Urban excl.,12.60,Direct,0.00,3,Direct,62.06,0.101312,Undifferentiated Sediment,242,Complex cultivation patterns,3,1,3,5,,1,99% cold spot,2.832430,Low
SITE_0055,1,Alexandrovo Tomb,Haskovo,Alexandrovo,0,,0,,0,,1,Thracian mound,0,,0,,0,,0,,Earthwork (earthen burial mound),3,Mostly subsurface,UNESCO Tentative List; European Heritage Label,Archaeological (single),253.46,16.67,-0.505217,0.756362,3545.55,0.000,0.9222,0.653486,Direct,40.13,Direct,0.00,1,Direct,91.87,0.177197,"Granitoid, Granite, Leucogranite, Granodiorite",321,Natural grasslands,7,1,9,1,1,7,99% hot spot,6.131973,High
SITE_0056,1,Asara Shrine and Fortress,Haskovo,Angel Voivoda,0,,0,,1,Enclosure,1,Hillfort,0,,1,Fortress,0,,1,Fortress,Mortared stone masonry,1,Exposed,,Archaeological (single),609.13,7.80,-0.438157,0.502909,15179.29,0.000,1.1447,0.762980,Direct,12.40,Direct,0.00,4,Direct,35.00,0.157624,Acid Pyroclastic,324,Transitional woodland-shrub,7,1,3,7,3,1,95% hot spot,4.270406,Moderate
SITE_0057,1,Dolmen Slavova Koriya,Haskovo,Balgarska Polyana,0,,0,,0,,1,Thracian Dolmen,0,,0,,0,,0,,Dry stone masonry,3,Mostly subsurface,,,494.85,7.95,0.014924,-0.991995,17754.17,0.000,2.8423,1.346064,Direct,30.07,Direct,0.00,1,Direct,32.82,0.159479,"Granitoid, Granite, Leucogranite, Granodiorite",231,Pastures,7,1,7,1,5,5,95% hot spot,5.557307,Moderate
SITE_0058,1,Dolmen Gaidarov dolap,Haskovo,Bulgarska Polyana,0,,0,,0,,1,Thracian Dolmen,0,,0,,0,,0,,Dry stone masonry,3,Mostly subsurface,,,361.49,8.02,-0.520294,-0.851756,18049.31,0.000,2.6802,1.302976,Direct,30.07,Direct,0.00,2,Direct,99.48,0.159479,"Granitoid, Granite, Leucogranite, Granodiorite",231,Pastures,7,1,7,3,5,5,95% hot spot,5.805097,Moderate
SITE_0059,2,Deaf Stones,Haskovo,Dabovets,0,,0,,1,Rock sanctuary,1,Rock sanctuary,0,,0,,0,,0,,Rock-cut / bedrock construction,2,Partially exposed,,Archaeological (single),575.19,22.28,-0.980228,-0.044500,6561.72,0.000,0.0599,0.058181,Direct,44.27,Direct,0.00,5,Direct,91.77,0.159334,Conglomerate,311,Broad-leaved forest,7,1,9,9,1,5,99% hot spot,7.530967,High
SITE_0060,1,Cromlech,Haskovo,Dolen Glavanak,0,,0,,0,,1,Rock sanctuary,0,,0,,0,,0,,Rock-cut / bedrock construction,2,Partially exposed,,Archaeological (single),303.94,3.37,0.931124,0.003859,2824.87,0.000,0.6774,0.517248,Direct,44.20,Direct,0.00,3,Direct,60.44,0.151082,Intermediate Volcanic,324,Transitional woodland-shrub,7,1,9,5,1,5,99% hot spot,6.288223,High
SITE_0061,1,Mound Dolno Botevo,Haskovo,Dolno Botevo,0,,0,,0,,1,Thracian mound,0,,0,,0,,0,,Earthwork (earthen burial mound),3,Mostly subsurface,,Archaeological (single),260.09,9.83,0.343334,0.424143,12494.91,0.000,4.7268,1.745150,Direct,44.20,Direct,0.00,2,Direct,85.46,0.165977,Undifferentiated Sediment,211,Non-irrigated arable land,7,1,9,3,5,7,99% hot spot,6.732139,High
SITE_0062,1,Kovan Kaya,Haskovo,Dolno Cherkovishte,0,,0,,1,Rock sanctuary,1,Rock sanctuary,0,,0,,0,,0,,Rock-cut / bedrock construction,2,Partially exposed,,,188.53,15.87,-0.486732,0.867184,113.67,0.000,0.5376,0.430200,Direct,40.60,Direct,0.00,2,Direct,86.66,0.128530,Undifferentiated Sediment,324,Transitional woodland-shrub,3,5,9,3,1,5,95% hot spot,4.987546,Moderate
SITE_0063,3,Kovan Kaya niches I,Haskovo,Dolno Cherkovishte,0,,0,,0,,1,Rock sanctuary,0,,0,,0,,0,,Rock-cut / bedrock construction,2,Partially exposed,,Archaeological (single),212.92,33.76,-0.231608,0.966514,549.15,0.000,0.1024,0.097473,Direct,44.20,Direct,0.00,4,Direct,70.87,0.128530,"Alluvium, Eluvium",311,Broad-leaved forest,3,3,9,7,1,5,95% hot spot,5.404898,Moderate
SITE_0064,1,Gledka mound I,Haskovo,Gledka,0,,0,,0,,0,,1,Burial mound,0,,0,,0,,Earthwork (earthen burial mound),2,Partially exposed,,,330.01,7.04,0.460784,0.215045,13377.46,0.000,3.0650,1.402421,Direct,44.20,Direct,0.00,2,Direct,86.98,0.165977,Undifferentiated Sediment,221,Vineyards,7,1,9,3,5,7,99% hot spot,6.732139,High
SITE_0065,1,Gledka mound II,Haskovo,Gledka,0,,0,,0,,0,,1,Burial mound,0,,0,,0,,Earthwork (earthen burial mound),2,Partially exposed,,,333.21,8.91,0.343050,-0.155380,13312.63,0.000,2.5157,1.257249,Direct,44.20,Direct,0.00,2,Direct,61.64,0.165977,Undifferentiated Sediment,211,Non-irrigated arable land,7,1,9,3,5,7,99% hot spot,6.732139,High
SITE_0066,2,Furnadzhika,Haskovo,Gorno Pole,1,Rock sanctuary,0,,0,,0,,0,,0,,0,,0,,Rock-cut / bedrock construction,2,Partially exposed,,,386.83,9.67,-0.829349,-0.486126,1871.75,0.000,0.2612,0.232103,Direct,44.20,Direct,0.00,3,Direct,57.66,0.155514,Intermediate Volcanic,324,Transitional woodland-shrub,7,1,9,5,1,5,99% hot spot,5.827131,Moderate
SITE_0067,1,Dolmen Gorno Voyvodino,Haskovo,Gorno Voyvodino,0,,0,,0,,1,Thracian Dolmen,0,,0,,0,,0,,Dry stone masonry,3,Mostly subsurface,,,364.80,7.02,-0.156796,-0.524585,12402.96,0.000,2.5486,1.266557,Direct,38.87,Direct,0.00,2,Direct,106.77,0.164100,Undifferentiated Sediment,211,Non-irrigated arable land,7,1,9,3,5,5,99% hot spot,6.392809,High
SITE_0068,1,Dolmen Nachovi chairi,Haskovo,Hlyabovo,0,,0,,0,,1,Thracian Dolmen,0,,0,,0,,0,,Dry stone masonry,3,Mostly subsurface,,,351.68,11.01,-0.802288,0.586105,18994.19,0.000,2.9326,1.369306,Direct,30.07,Direct,0.00,1,Direct,50.25,0.147071,"Granitoid, Granite, Leucogranite, Granodiorite",242,Complex cultivation patterns,5,1,7,1,5,5,95% hot spot,4.969595,Moderate
SITE_0069,1,Rodostitsa Fortress,Haskovo,Huhla,0,,0,,0,,0,,0,,1,Fortress,0,,1,Fortress,Mortared stone masonry,1,Exposed,,Architectural-construction,122.44,4.51,-0.144181,0.932500,257.69,0.000,0.0288,0.028423,Direct,65.70,Direct,0.00,3,Direct,29.73,0.159612,Undifferentiated Sediment,311,Broad-leaved forest,7,5,9,5,1,1,99% hot spot,5.732100,Moderate
SITE_0070,1,Villa Armira,Haskovo,Ivaylovgrad,0,,0,,0,,0,,1,Villa,0,,0,,0,,Mortared stone masonry,1,Exposed,,Architectural-construction,191.64,4.76,-0.862969,-0.478068,6882.81,0.000,0.8842,0.633524,Direct,39.47,Direct,0.00,2,Direct,49.66,0.137795,Metamorphic Complex,243,"Land principally occupied by agriculture, with significant areas of natural vegetation",5,1,9,3,1,1,95% hot spot,4.774062,Moderate
SITE_0071,1,Castra Rubra,Haskovo,Izvorovo,0,,0,,0,,0,,1,Fort,1,Fortress,0,,0,,Mortared stone masonry,1,Exposed,,Archaeological complex (group),203.35,5.72,-0.517619,0.019028,6271.10,0.000,1.9070,1.067131,Direct,36.30,Direct,0.00,1,Direct,91.70,0.168493,"Orthogneiss, Granite-gneiss",243,"Land principally occupied by agriculture, with significant areas of natural vegetation",7,1,9,1,3,1,95% hot spot,5.290171,Moderate
SITE_0072,1,Kapitan Petko Voyvoda mound I,Haskovo,Kapitan Petko Voyvoda,0,,0,,0,,0,,1,Burial mound,0,,0,,0,,Earthwork (earthen burial mound),2,Partially exposed,,,225.97,11.70,-0.020435,-0.381010,4221.08,0.000,2.2499,1.178616,Direct,35.57,Direct,0.00,2,Direct,48.02,0.141241,Undifferentiated Sediment,211,Non-irrigated arable land,5,1,9,3,5,7,Not significant,6.144427,High
SITE_0073,1,Sanctuary of Nymphs and Aphrodite,Haskovo,Kasnakovo,0,,0,,0,,0,,1,Temple,0,,0,,0,,Mortared stone masonry,1,Exposed,,Architectural-construction,151.37,7.35,0.964807,-0.011712,6490.00,0.000,5.8152,1.919160,Direct,37.00,Direct,0.00,2,Direct,73.73,0.189118,Metamorphic Complex,242,Complex cultivation patterns,9,1,9,3,7,1,99% hot spot,6.478049,High
SITE_0074,1,Fortress Klokotnitsa,Haskovo,Klokotnitsa,0,,0,,0,,0,,0,,1,Fortress,1,Fortress,1,Fortress,Mortared stone masonry,1,Exposed,,Architectural-construction,204.88,14.59,-0.892270,0.365926,9990.47,0.000,0.1193,0.112707,Direct,37.00,Direct,0.00,1,Direct,59.56,0.189118,Undifferentiated Sediment,311,Broad-leaved forest,9,1,9,1,1,1,99% hot spot,5.701695,Moderate
SITE_0075,1,Fortified ruling house,Haskovo,Knyazhevo,0,,0,,0,,0,,0,,1,Villa,0,,0,,Mortared stone masonry,1,Exposed,,Archaeological (single),122.23,6.41,-0.988596,-0.039873,55.90,0.000,0.7596,0.565105,Direct,35.57,Direct,0.00,1,Direct,22.56,0.135485,"Granitoid, Granite, Leucogranite, Granodiorite",243,"Land principally occupied by agriculture, with significant areas of natural vegetation",5,7,9,1,1,1,Not significant,4.710077,Moderate
SITE_0076,2,Dolmen Mangura,Haskovo,Kostur,0,,0,,0,,1,Thracian Dolmen,0,,0,,0,,0,,Dry stone masonry,3,Mostly subsurface,,Archaeological (single),715.26,6.33,-0.124261,-0.717178,15084.59,0.000,0.0334,0.032877,Direct,30.07,Direct,0.00,3,Direct,92.58,0.159479,"Granitoid, Granite, Leucogranite, Granodiorite",311,Broad-leaved forest,7,1,7,5,1,5,Not significant,5.529738,Moderate
SITE_0077,2,Dolmen Starite Loza,Haskovo,Kostur,0,,0,,0,,1,Thracian Dolmen,0,,0,,0,,0,,Dry stone masonry,3,Mostly subsurface,,Archaeological (single),712.52,6.50,0.085265,-0.954034,15258.53,0.000,0.0766,0.073800,Direct,30.07,Direct,0.00,3,Direct,71.86,0.159479,"Granitoid, Granite, Leucogranite, Granodiorite",311,Broad-leaved forest,7,1,7,5,1,5,Not significant,5.529738,Moderate
SITE_0078,3,Hambar Kaya II,Haskovo,Madzharovo,0,,0,,0,,1,Rock sanctuary,0,,0,,0,,0,,Rock-cut / bedrock construction,2,Partially exposed,,,370.67,41.25,-0.876431,-0.455267,445.20,0.000,0.1611,0.149363,Direct,44.20,Direct,0.00,4,Direct,58.11,0.151082,Intermediate Volcanic,311,Broad-leaved forest,7,5,9,7,1,5,99% hot spot,6.363027,High
SITE_0079,2,Deaf Stones Church,Haskovo,Malko Gradishte,0,,0,,0,,0,,0,,1,Basilica,0,,1,Basilica,Mortared mixed masonry (stone + brick),1,Exposed,,,576.95,18.79,-0.930919,-0.346218,6570.45,0.000,0.0599,0.058181,Direct,44.27,Direct,0.00,4,Direct,126.30,0.159334,Conglomerate,311,Broad-leaved forest,7,1,9,7,1,3,99% hot spot,6.514720,High
SITE_0080,1,Bukelon Fortress,Haskovo,Matochina,0,,0,,0,,0,,1,Fort,1,Fortress,1,Fortress,1,Fortress,Mortared stone masonry,1,Exposed,,Architectural-construction,195.23,7.94,-0.664600,0.471904,1133.33,0.000,2.2017,1.163675,Direct,68.73,Direct,0.00,4,Direct,74.50,0.141471,"Orthogneiss, Granite-gneiss",321,Natural grasslands,5,1,9,7,5,1,90% hot spot,5.622018,Moderate
SITE_0081,1,Matochina Rock Church,Haskovo,Matochina,0,,0,,0,,0,,0,,0,,0,,1,Church,Mortared mixed masonry (stone + brick),1,Exposed,,Architectural-construction,178.95,10.16,-0.226085,-0.895692,2666.45,0.000,0.7078,0.535186,Direct,68.73,Direct,0.00,3,Direct,42.84,0.160055,Undifferentiated Sediment,321,Natural grasslands,7,1,9,5,1,3,Not significant,5.948893,Moderate
SITE_0082,1,Merichleri mound I,Haskovo,Merichleri,0,,0,,0,,0,,1,Burial mound,0,,0,,0,,Earthwork (earthen burial mound),2,Partially exposed,,,213.56,14.60,-0.871886,-0.391141,2010.66,0.000,,0.839006,Other excl.,37.00,Direct,0.00,1,Direct,103.43,0.196851,Undifferentiated Sediment,211,Non-irrigated arable land,9,1,9,1,,7,99% hot spot,7.272231,High
SITE_0083,1,Merichleri mound II,Haskovo,Merichleri,0,,0,,0,,0,,1,Burial mound,0,,0,,0,,Earthwork (earthen burial mound),2,Partially exposed,,,208.99,2.17,-0.289649,-0.798737,2085.57,0.000,,0.839006,Other excl.,37.00,Direct,0.00,1,Direct,115.49,0.196851,Undifferentiated Sediment,211,Non-irrigated arable land,9,1,9,1,,7,99% hot spot,7.272231,High
SITE_0084,1,Merichleri mound III,Haskovo,Merichleri,0,,0,,1,Burial mound,0,,0,,0,,0,,0,,Earthwork (earthen burial mound),2,Partially exposed,,,209.51,0.86,0.393198,-0.557572,2180.44,0.000,,0.839006,Other excl.,37.00,Direct,0.00,1,Direct,113.33,0.196851,Undifferentiated Sediment,221,Vineyards,9,1,9,1,,7,99% hot spot,7.272231,High
SITE_0085,1,Mezek Tumulus,Haskovo,Mezek,0,,0,,0,,1,Thracian mound,0,,0,,0,,0,,Earthwork (earthen burial mound),3,Mostly subsurface,,Architectural-construction,190.00,7.03,-0.020587,0.309091,5666.38,0.000,1.1649,0.772383,Direct,44.27,Direct,0.00,1,Direct,48.45,0.163174,Undifferentiated Sediment,243,"Land principally occupied by agriculture, with significant areas of natural vegetation",7,1,9,1,3,7,99% hot spot,6.308161,High
SITE_0086,1,Neutzikon Fortress,Haskovo,Mezek,0,,0,,0,,0,,0,,1,Fortress,0,,1,Fortress,Mortared stone masonry,1,Exposed,,,222.99,4.62,0.662075,0.588297,6515.50,0.000,0.0264,0.026036,Direct,44.27,Direct,0.00,3,Direct,82.21,0.163174,Undifferentiated Sediment,311,Broad-leaved forest,7,1,9,5,1,1,99% hot spot,5.609564,Moderate
SITE_0087,3,Mihalich Rock Church,Haskovo,Mihalich,0,,0,,0,,0,,0,,0,,0,,1,Church,Mortared mixed masonry (stone + brick),1,Exposed,,Architectural-construction,343.93,16.62,-0.702679,-0.709124,11268.82,0.000,6.9118,2.068360,Direct,68.73,Direct,0.00,2,Direct,116.12,0.162333,Undifferentiated Sediment,243,"Land principally occupied by agriculture, with significant areas of natural vegetation",7,1,9,3,7,3,95% hot spot,4.883870,Moderate
SITE_0088,1,Dolmen Bayamluka,Haskovo,Mladinovo,0,,0,,0,,1,Thracian Dolmen,0,,0,,0,,0,,Dry stone masonry,3,Mostly subsurface,,,366.69,3.62,-0.384865,0.922111,12350.12,0.000,0.3826,0.323959,Direct,30.07,Direct,0.00,1,Direct,92.93,0.165884,Metamorphic Complex,324,Transitional woodland-shrub,7,1,7,1,1,5,95% hot spot,5.204931,Moderate
SITE_0089,1,Orlovo Town,Haskovo,Orlovo,0,,0,,0,,0,,0,,0,,1,Village,0,,Mortared stone masonry,1,Exposed,,Archaeological (single),206.69,0.84,-0.775296,0.279626,14292.65,0.000,0.1958,0.178787,Direct,38.87,Direct,0.00,2,Direct,106.80,0.161074,Undifferentiated Sediment,211,Non-irrigated arable land,7,1,9,3,1,1,99% hot spot,5.361773,Moderate
SITE_0090,1,Dolmen Kapakliyka II,Haskovo,Oryahovo,0,,0,,0,,1,Thracian Dolmen,0,,0,,0,,0,,Dry stone masonry,3,Mostly subsurface,,,258.74,3.24,0.393371,-0.903639,8557.00,0.000,1.5284,0.927598,Direct,30.07,Direct,0.00,1,Direct,116.37,0.165884,Undifferentiated Sediment,211,Non-irrigated arable land,7,1,7,1,3,5,95% hot spot,5.381119,Moderate
SITE_0091,1,Mehir Stone Chuchul,Haskovo,Ovcharovo,0,,1,Rock sanctuary,1,Rock sanctuary,0,,0,,0,,0,,0,,Rock-cut / bedrock construction,2,Partially exposed,,Architectural-construction,252.34,3.93,0.179827,-0.794175,8305.51,0.000,1.0457,0.715740,Direct,36.30,Direct,0.00,1,Direct,100.84,0.168782,"Granitoid, Granite, Leucogranite, Granodiorite",243,"Land principally occupied by agriculture, with significant areas of natural vegetation",7,1,9,1,3,5,95% hot spot,5.968831,Moderate
SITE_0092,3,Ak Kaya,Haskovo,Pchelari,0,,0,,0,,1,Rock-cut tomb,0,,0,,0,,0,,Rock-cut / bedrock construction,3,Mostly subsurface,,,208.19,27.75,-0.783057,-0.452091,300.00,0.000,46.9450,3.870055,Direct,44.20,Direct,0.00,4,Direct,50.07,0.128530,"Alluvium, Eluvium",324,Transitional woodland-shrub,3,5,9,7,9,5,99% hot spot,6.343973,High
SITE_0093,3,Kara inn,Haskovo,Pchelari,0,,0,,0,,1,Rock-cut tomb,0,,0,,0,,0,,Rock-cut / bedrock construction,3,Mostly subsurface,,,206.30,31.24,-0.963527,0.230585,290.00,0.000,21.6820,3.121571,Direct,44.20,Direct,0.00,4,Direct,86.94,0.128530,"Alluvium, Eluvium",324,Transitional woodland-shrub,3,5,9,7,9,5,99% hot spot,6.343973,High
SITE_0094,1,Dolmen Plevun,Haskovo,Plevun,0,,0,,0,,1,Thracian Dolmen,0,,0,,0,,0,,Dry stone masonry,3,Mostly subsurface,,,372.63,6.37,0.119199,0.985637,9276.54,0.000,5.6173,1.889690,Direct,39.47,Direct,0.00,1,Direct,59.11,0.130657,"Orthogneiss, Granite-gneiss",211,Non-irrigated arable land,5,1,9,1,7,5,95% hot spot,5.733495,Moderate
SITE_0095,2,Kovan Kaya niches II,Haskovo,Potochnitsa,0,,0,,0,,1,Rock sanctuary,0,,0,,0,,0,,Rock-cut / bedrock construction,2,Partially exposed,,,233.34,12.93,-0.273094,-0.175509,613.19,0.000,0.0774,0.074535,Direct,40.60,Direct,0.00,4,Direct,118.39,0.128530,"Alluvium, Eluvium",311,Broad-leaved forest,3,3,9,7,1,5,95% hot spot,5.684674,Moderate
SITE_0096,3,Efraim Fortress,Haskovo,Rabovo,0,,0,,0,,0,,0,,1,Fortress,0,,1,Fortress,Mortared stone masonry,1,Exposed,,Archaeological (single),351.36,20.53,-0.533977,-0.631746,447.62,0.000,4.6850,1.737832,Direct,40.60,Direct,0.00,5,Direct,87.14,0.128530,Undifferentiated Sediment,311,Broad-leaved forest,3,5,9,9,5,1,99% hot spot,6.576204,High
SITE_0097,1,Dolmen Bakalov kladenets,Haskovo,Sakartsi,0,,0,,0,,1,Thracian Dolmen,0,,0,,0,,0,,Dry stone masonry,3,Mostly subsurface,,,519.67,3.01,0.041044,0.284252,10776.01,0.000,0.0723,0.069762,Direct,30.07,Direct,0.00,1,Direct,59.72,0.159479,"Granitoid, Granite, Leucogranite, Granodiorite",311,Broad-leaved forest,7,1,7,1,1,5,Not significant,5.204931,Moderate
SITE_0098,1,Dolmen Byalata treva,Haskovo,Sakartsi,0,,0,,0,,1,Thracian Dolmen,0,,0,,0,,0,,Dry stone masonry,3,Mostly subsurface,,,456.87,3.90,0.153911,-0.851593,16880.00,0.000,1.2964,0.831330,Direct,30.07,Direct,0.00,3,Direct,101.54,0.159479,"Granitoid, Granite, Leucogranite, Granodiorite",324,Transitional woodland-shrub,7,1,7,5,3,5,95% hot spot,5.876699,Moderate
SITE_0099,1,Dolmen Kapakliyka I,Haskovo,Sakartsi,0,,0,,0,,1,Thracian Dolmen,0,,0,,0,,0,,Dry stone masonry,3,Mostly subsurface,,Archaeological (single),473.54,2.94,0.350758,0.901141,13880.38,0.000,0.0364,0.035747,Direct,30.07,Direct,0.00,2,Direct,116.87,0.159479,"Granitoid, Granite, Leucogranite, Granodiorite",311,Broad-leaved forest,7,1,7,3,1,5,90% hot spot,5.452721,Moderate
SITE_0100,1,Dolmen Kliftinova niva,Haskovo,Sakartsi,0,,0,,0,,1,Thracian Dolmen,0,,0,,0,,0,,Dry stone masonry,3,Mostly subsurface,,,462.21,4.26,0.707786,0.494288,13019.08,0.000,0.0704,0.068007,Direct,30.07,Direct,0.00,3,Direct,98.39,0.159479,"Granitoid, Granite, Leucogranite, Granodiorite",311,Broad-leaved forest,7,1,7,5,1,5,Not significant,5.700511,Moderate
SITE_0101,1,Dolmen Paskalevi kelemeta,Haskovo,Sakartsi,0,,0,,0,,1,Thracian Dolmen,0,,0,,0,,0,,Dry stone masonry,3,Mostly subsurface,,,464.54,3.33,-0.094667,0.968611,10362.00,0.000,0.0305,0.030022,Direct,30.07,Direct,0.00,2,Direct,131.37,0.159479,"Granitoid, Granite, Leucogranite, Granodiorite",311,Broad-leaved forest,7,1,7,3,1,5,Not significant,5.452721,Moderate
SITE_0102,2,Dolmen Sakartsi,Haskovo,Sakartsi,0,,0,,0,,1,Thracian Dolmen,0,,0,,0,,0,,Dry stone masonry,3,Mostly subsurface,,,499.84,7.79,0.661373,-0.744476,10776.48,0.000,0.0672,0.064997,Direct,30.07,Direct,0.00,1,Direct,44.66,0.159479,"Granitoid, Granite, Leucogranite, Granodiorite",311,Broad-leaved forest,7,1,7,1,1,5,Not significant,3.825902,Low
SITE_0103,1,Burdenis Fortress,Haskovo,Svilengrad,0,,0,,0,,0,,0,,1,Fortress,0,,0,,Mortared stone masonry,1,Exposed,,Architectural-construction,68.94,3.52,-0.742376,-0.591585,10.00,0.000,1.2511,0.811406,Direct,57.77,Direct,0.00,2,Direct,108.82,0.166661,"Alluvium, Eluvium",242,Complex cultivation patterns,7,7,9,3,3,1,99% hot spot,5.721766,Moderate
SITE_0104,1,Svilengrad mound necropolis,Haskovo,Svilengrad,0,,0,,0,,0,,1,Burial mound,0,,0,,0,,Earthwork (earthen burial mound),2,Partially exposed,,,75.45,3.69,-0.844222,0.118783,515.88,0.000,0.5163,0.416241,Direct,57.77,Direct,0.00,3,Direct,24.65,0.166634,Undifferentiated Sediment,211,Non-irrigated arable land,7,3,9,5,1,7,99% hot spot,6.688821,High
SITE_0105,1,Svirachi Golyamata Mogila,Haskovo,Svirachi,0,,0,,0,,1,Thracian mound,0,,0,,0,,0,,Earthwork (earthen burial mound),3,Mostly subsurface,,Archaeological (single),302.30,8.13,-0.402166,0.459981,5438.52,0.000,1.4964,0.914870,Direct,39.47,Direct,0.00,2,Direct,26.80,0.137795,Undifferentiated Sediment,211,Non-irrigated arable land,5,1,9,3,3,7,95% hot spot,5.968239,Moderate
SITE_0106,2,Paleokastro Fortress,Haskovo,Topolovgrad,0,,0,,0,,0,,0,,1,Fortress,0,,1,Fortress,Mortared stone masonry,1,Exposed,,Architectural-construction,427.27,6.61,-0.339818,0.100170,13778.36,0.000,0.1142,0.108113,Direct,30.07,Direct,0.00,3,Direct,39.18,0.143574,Undifferentiated Sediment,313,Mixed forest,5,1,7,5,1,1,Not significant,4.666058,Moderate
SITE_0107,2,Paparimsko Kale,Haskovo,Topolovgrad,0,,0,,0,,0,,0,,1,Fortress,0,,1,Fortress,Mortared stone masonry,1,Exposed,,Architectural-construction,856.29,2.52,0.307000,-0.493052,11155.15,0.000,0.0587,0.057085,Direct,30.07,Direct,0.00,2,Direct,67.75,0.159479,"Granitoid, Granite, Leucogranite, Granodiorite",311,Broad-leaved forest,7,1,7,3,1,1,Not significant,4.349162,Moderate
SITE_0108,1,Holy Trinity Monastery,Haskovo,Ustrem,0,,0,,0,,0,,0,,0,,0,,1,Monastery,Mortared mixed masonry (stone + brick),1,Exposed,,Architectural-historical (single),122.14,4.32,-0.770132,-0.111025,2245.64,0.000,2.3224,1.200690,Direct,35.57,Direct,0.00,2,Direct,38.46,0.159262,Metamorphic Complex,324,Transitional woodland-shrub,7,1,9,3,5,3,Not significant,6.053479,High
SITE_0109,3,Orlovi Skali,Kardzhali,Ardino,0,,0,,0,,1,Rock sanctuary,0,,0,,0,,0,,Rock-cut / bedrock construction,2,Partially exposed,,Archaeological (single),763.81,23.09,-0.264818,-0.925469,6495.50,0.000,1.0032,0.694733,Direct,21.43,Direct,0.00,4,Direct,106.27,0.129665,Metamorphic Complex,324,Transitional woodland-shrub,3,1,5,7,3,5,Not significant,5.112876,Moderate
SITE_0110,1,Dupchen Kamak,Kardzhali,Benkovski,0,,0,,0,,1,Rock-cut tomb,0,,0,,0,,0,,Rock-cut / bedrock construction,3,Mostly subsurface,,,407.19,9.45,-0.795301,0.583478,8800.99,0.000,4.4037,1.687092,Direct,21.43,Direct,0.00,4,Direct,81.50,0.127756,Undifferentiated Sediment,211,Non-irrigated arable land,3,1,5,7,5,5,Not significant,4.537541,Moderate
SITE_0111,1,Hambar Dere Necropolis,Kardzhali,Chernichevo,0,,0,,0,,1,Thracian mound,0,,0,,0,,0,,Earthwork (earthen burial mound),3,Mostly subsurface,,Archaeological (single),299.67,15.41,0.788185,0.613464,15371.20,0.000,0.0653,0.063253,Direct,39.47,Direct,0.00,3,Direct,32.23,0.121995,"Ultrabasite, Peridotite, Serpentinite",311,Broad-leaved forest,3,1,9,5,1,7,90% hot spot,5.452129,Moderate
SITE_0112,2,Chernichino mound,Kardzhali,Chernichino,0,,0,,0,,1,Thracian mound,0,,0,,0,,0,,Earthwork (earthen burial mound),3,Mostly subsurface,,,556.21,10.99,-0.603776,-0.444485,5711.82,0.000,0.0405,0.039659,Direct,40.60,Direct,0.00,3,Direct,90.19,0.131973,Conglomerate,311,Broad-leaved forest,5,1,9,5,1,7,95% hot spot,5.456438,Moderate
SITE_0113,1,Patmos Fortress,Kardzhali,Doyrantsi,0,,0,,0,,0,,0,,1,Fortress,0,,1,Fortress,Mortared stone masonry,1,Exposed,,,434.82,5.61,0.617650,0.419179,147.14,0.000,17.1905,2.900902,Direct,12.40,Direct,0.00,4,Near≤400m,196.27,0.138790,Intermediate Pyroclastic,324,Transitional woodland-shrub,5,5,3,7,9,1,Not significant,4.333794,Moderate
SITE_0114,3,Duzhdovnitsa niches,Kardzhali,Duzhdovnitsa,0,,0,,0,,1,Rock sanctuary,0,,0,,0,,0,,Rock-cut / bedrock construction,2,Partially exposed,,,555.56,34.79,-0.278185,0.958430,2830.00,0.000,37.8595,3.659953,Direct,12.40,Direct,0.00,3,Direct,57.73,0.137598,Intermediate Pyroclastic,333,Sparsely vegetated areas,5,1,3,5,9,5,Not significant,5.063006,Moderate
SITE_0115,2,Perperikon,Kardzhali,Gorna Krepost,0,,0,,1,Rock sanctuary,1,Fortified settlement,1,Fort,1,Fortress,1,Fortress,0,,Mortared stone masonry,1,Exposed,,Archaeological (group),486.40,9.05,-0.961670,0.114704,8255.54,0.000,0.2206,0.199309,Direct,38.87,Direct,0.00,4,Direct,32.95,0.142567,Undifferentiated Sediment,311,Broad-leaved forest,5,1,9,7,1,1,90% hot spot,5.815369,Moderate
SITE_0116,1,Church of St. John Prodomus,Kardzhali,Kardzhali,0,,0,,0,,0,,0,,1,Church,0,,0,,Mortared mixed masonry (stone + brick),1,Exposed,,,238.05,5.79,0.324483,-0.488382,30.00,0.000,,0.839006,Urban excl.,12.40,Direct,0.00,2,Direct,96.19,0.125577,Undifferentiated Sediment,112,Discontinuous urban fabric,3,7,3,3,,3,Not significant,3.134374,Low
SITE_0117,1,Necropolis of St. John Prodomus,Kardzhali,Kardzhali,0,,0,,0,,0,,0,,1,Cemetery,0,,1,Cemetery,Burial deposits / unspecified construction,3,Mostly subsurface,,,238.15,4.26,0.712917,-0.218784,60.00,0.000,0.0836,0.080309,Direct,12.40,Direct,0.00,2,Direct,89.15,0.125577,Undifferentiated Sediment,112,Discontinuous urban fabric,3,7,3,3,1,7,Not significant,3.625008,Low
SITE_0118,1,Toplitsa,Kardzhali,Mineralni Bani,0,,0,,0,,0,,0,,1,Fortress,0,,1,Fortress,Mortared stone masonry,1,Exposed,,Archaeological (single),292.67,4.88,-0.744208,0.455053,17090.04,0.000,2.7291,1.316180,Direct,19.63,Direct,0.00,1,Direct,94.56,0.176680,Intermediate Volcanic,142,Sport and leisure facilities,7,1,5,1,5,1,99% hot spot,4.290936,Moderate
SITE_0119,1,Moryantsi tomb,Kardzhali,Moryantsi,0,,0,,0,,1,Habitation cave,0,,0,,0,,0,,Rock-cut / bedrock construction,2,Partially exposed,,,242.41,10.25,-0.604729,-0.794050,1032.10,0.000,2.3405,1.206123,Direct,40.60,Direct,0.00,4,Direct,131.56,0.128530,Undifferentiated Sediment,243,"Land principally occupied by agriculture, with significant areas of natural vegetation",3,1,9,7,5,5,95% hot spot,5.712965,Moderate
SITE_0120,3,Sivri Kaya niches,Kardzhali,Murga,0,,0,,0,,1,Rock sanctuary,0,,0,,0,,0,,Rock-cut / bedrock construction,2,Partially exposed,,,711.76,39.24,-0.960155,0.201106,10627.16,0.000,62.3201,4.148204,Direct,2.83,Direct,0.00,5,Direct,17.84,0.156189,Intermediate Volcanic,333,Sparsely vegetated areas,7,1,1,9,9,5,95% hot spot,7.132481,High
SITE_0121,3,Arkata,Kardzhali,Oreshari,1,Habitation cave,0,,0,,0,,0,,0,,0,,0,,Rock-cut / bedrock construction,2,Partially exposed,,Archaeological (single),266.40,34.07,0.534851,-0.827463,170.00,0.000,0.0918,0.087841,Direct,40.60,Direct,0.00,4,Direct,72.40,0.128530,Undifferentiated Sediment,313,Mixed forest,3,5,9,7,1,5,95% hot spot,5.481237,Moderate
SITE_0122,3,Gouk in cave,Kardzhali,Oreshari,0,,0,,0,,1,Habitation cave,0,,0,,0,,0,,Rock-cut / bedrock construction,2,Partially exposed,,,189.78,23.71,0.346635,-0.790878,454.75,0.000,0.0238,0.023504,Direct,40.60,Direct,0.00,3,Direct,116.73,0.128530,Undifferentiated Sediment,311,Broad-leaved forest,3,5,9,5,1,5,95% hot spot,4.559105,Moderate
SITE_0123,3,Pop Martinova Dypka,Kardzhali,Oreshari,0,,0,,1,Habitation cave,1,Habitation cave,0,,0,,0,,0,,Rock-cut / bedrock construction,2,Partially exposed,,Archaeological (single),322.54,34.16,0.918067,-0.351152,247.24,0.000,0.1844,0.169272,Direct,40.60,Direct,0.00,5,Direct,64.99,0.128530,Undifferentiated Sediment,313,Mixed forest,3,5,9,9,1,5,95% hot spot,6.403369,High
SITE_0124,2,Ada Tepe,Kardzhali,Ovchari,0,,0,,1,Settlement,0,,0,,0,,0,,0,,Earthwork / earthen architecture,1,Exposed,,,471.11,16.58,-0.116079,-0.968414,7525.29,0.000,0.1880,0.172303,Direct,40.60,Direct,0.00,4,Direct,91.19,0.118374,Undifferentiated Sediment,311,Broad-leaved forest,3,1,9,7,1,9,95% hot spot,5.937663,Moderate
SITE_0125,2,Redestyuk Fortress,Kardzhali,Skalak,0,,0,,0,,0,,0,,1,Fortress,0,,0,,Mortared stone masonry,1,Exposed,,,322.85,15.45,-0.652993,-0.725915,9026.65,0.000,0.0178,0.017682,Direct,40.60,Direct,0.00,2,Direct,53.88,0.117283,"Orthogneiss, Granite-gneiss",312,Coniferous forest,3,1,9,3,1,1,90% hot spot,3.576511,Low
SITE_0126,2,Tatul,Kardzhali,Tatul,0,,0,,1,Rock sanctuary,1,Rock sanctuary,0,,1,Church,0,,0,,Mortared mixed masonry (stone + brick),1,Exposed,,Archaeological (group),392.93,14.39,-0.488460,-0.423941,6060.43,0.000,0.0952,0.090911,Direct,40.23,Direct,0.00,4,Direct,86.58,0.118738,Undifferentiated Sediment,311,Broad-leaved forest,3,1,9,7,1,3,95% hot spot,5.444676,Moderate
SITE_0127,2,Ustra,Kardzhali,Ustren,0,,0,,0,,0,,0,,0,,1,Fortress,1,Fortress,Mortared stone masonry,1,Exposed,,,957.88,28.06,-0.669692,0.665722,11043.80,0.000,0.0286,0.028246,Direct,21.43,Direct,0.00,5,Direct,130.87,0.127193,Undifferentiated Sediment,313,Mixed forest,3,1,5,9,1,1,Not significant,5.537479,Moderate
SITE_0128,1,Vishegrad Fortress,Kardzhali,Vishegrad,0,,0,,0,,0,,0,,1,Fortress,0,,1,Fortress,Mortared stone masonry,1,Exposed,,Architectural-construction,297.02,5.24,-0.656535,-0.362207,124.54,0.000,19.5507,3.022895,Direct,40.23,Direct,0.00,4,Direct,48.37,0.125577,Undifferentiated Sediment,242,Complex cultivation patterns,3,5,9,7,9,1,Not significant,5.509218,Moderate
SITE_0129,2,Hambar Kaya,Kardzhali,Vodenicharsko,0,,0,,1,Rock sanctuary,1,Thracian mound,0,,0,,0,,0,,Earthwork (earthen burial mound),2,Partially exposed,,Architectural-construction,655.46,18.46,0.482648,0.803269,10361.29,0.000,0.1028,0.097838,Direct,21.43,Direct,0.00,5,Direct,100.36,0.123466,Undifferentiated Sediment,313,Mixed forest,3,1,5,9,1,7,Not significant,6.030466,High
SITE_0130,3,Asar Kaya niches,Kardzhali,Voynovo,0,,0,,0,,1,Rock sanctuary,0,,0,,0,,0,,Rock-cut / bedrock construction,2,Partially exposed,,,766.88,25.26,0.617889,0.698388,8341.34,0.000,3.9351,1.596380,Direct,12.40,Direct,0.00,5,Direct,107.27,0.155485,Intermediate Volcanic,243,"Land principally occupied by agriculture, with significant areas of natural vegetation",7,1,3,9,5,5,90% hot spot,6.916798,High
SITE_0131,2,Mal Asar,Kardzhali,Yamino,0,,0,,0,,1,Fortified settlement,0,,0,,0,,0,,Earthwork / early stone construction,1,Exposed,,,619.86,19.06,-0.347278,0.023175,9960.82,0.000,0.0533,0.051906,Direct,21.43,Direct,0.00,5,Direct,97.99,0.123466,Undifferentiated Sediment,313,Mixed forest,3,1,5,9,1,7,Not significant,6.030466,High
SITE_0132,3,Sredna Arda Rock cut niches,Kardzhali,Zvezdelina,0,,0,,0,,1,Rock sanctuary,0,,0,,0,,0,,Rock-cut / bedrock construction,2,Partially exposed,,,256.42,31.86,-0.941008,-0.319464,60.00,0.000,2.5788,1.275020,Direct,38.87,Direct,0.00,4,Near≤400m,352.73,0.125926,Lake Sediment,321,Natural grasslands,3,7,9,7,5,5,95% hot spot,5.988944,Moderate
SITE_0133,3,Shan Kaya,Kardzhali ,Sladkodum,0,,0,,0,,1,Rock sanctuary,0,,0,,0,,0,,Rock-cut / bedrock construction,2,Partially exposed,,,409.57,31.24,-0.823561,-0.553333,4187.75,0.000,0.1634,0.151348,Direct,40.60,Direct,0.00,4,Direct,71.02,0.128530,Intermediate Pyroclastic,243,"Land principally occupied by agriculture, with significant areas of natural vegetation",3,1,9,7,1,5,95% hot spot,5.328559,Moderate
SITE_0134,2,Belovo Basilica,Pazardzhik,Belovo,0,,0,,0,,0,,0,,1,Basilica,1,Basilica,0,,Mortared mixed masonry (stone + brick),1,Exposed,,Architectural-construction,793.21,4.25,0.236217,-0.364236,4181.80,0.000,0.0247,0.024403,Direct,3.10,Direct,0.00,4,Direct,117.50,0.216975,Metamorphic Complex,311,Broad-leaved forest,9,1,1,7,1,3,90% hot spot,5.860170,Moderate
SITE_0135,2,St. Spas Basilica,Pazardzhik,Belovo,0,,0,,0,,0,,0,,1,Basilica,0,,0,,Mortared mixed masonry (stone + brick),1,Exposed,,Architectural-construction,804.14,20.71,0.983640,0.135334,4258.22,0.000,0.0365,0.035869,Direct,3.10,Direct,0.00,4,Direct,57.73,0.216975,Metamorphic Complex,311,Broad-leaved forest,9,1,1,7,1,3,90% hot spot,5.860170,Moderate
SITE_0136,2,Roman bridge Bratsigovo,Pazardzhik,Bratsigovo,0,,0,,0,,0,,1,Infrastructure,0,,0,,0,,Mortared stone masonry,1,Exposed,,Architectural-construction,590.13,13.92,0.506757,-0.362694,6364.56,0.000,0.1363,0.127770,Direct,2.30,Direct,0.00,4,Direct,50.96,0.166719,Acid Pyroclastic,313,Mixed forest,7,1,1,7,1,1,Not significant,5.160820,Moderate
SITE_0137,2,Dzhenevra,Pazardzhik,Devin,0,,0,,0,,1,Fortified settlement,1,Fort,1,Fortress,0,,0,,Mortared stone masonry,1,Exposed,,Archaeological (single),1656.58,12.75,0.991953,0.023470,17168.65,0.000,0.0456,0.044544,Direct,1.43,Direct,0.00,4,Direct,87.20,0.150389,Acid Pyroclastic,312,Coniferous forest,7,1,1,7,1,1,Not significant,5.160820,Moderate
SITE_0138,2,Pashino Bardo,Pazardzhik,Dorkovo,0,,0,,0,,0,,0,,1,Fortress,0,,0,,Mortared stone masonry,1,Exposed,,,1613.37,10.65,0.835450,-0.403690,14147.63,0.000,0.0393,0.038595,Direct,0.90,Direct,0.00,4,Direct,44.90,0.165607,Metamorphic Complex,312,Coniferous forest,7,1,1,7,1,1,90% hot spot,5.160820,Moderate
SITE_0139,2,Tsepina,Pazardzhik,Dorkovo,0,,0,,0,,0,,0,,1,Fortress,0,,1,Fortress,Mortared stone masonry,1,Exposed,,,1063.13,9.02,-0.948811,-0.125182,2529.57,0.000,0.1526,0.142042,Direct,0.90,Direct,0.00,5,Direct,74.02,0.191445,Metamorphic Complex,311,Broad-leaved forest,9,1,1,9,1,1,Not significant,6.547759,High
SITE_0140,1,Church of St. Dimitar,Pazardzhik,Patalenitsa,0,,0,,0,,0,,0,,1,Church,0,,1,Church,Mortared mixed masonry (stone + brick),1,Exposed,,,392.68,8.03,0.946594,0.242688,5556.45,0.000,,0.839006,Urban excl.,1.87,Direct,0.00,4,Direct,45.80,0.181737,Metamorphic Complex,112,Discontinuous urban fabric,9,1,1,7,,3,Not significant,4.765243,Moderate
SITE_0141,1,Peristera Fortress,Pazardzhik,Peshtera,0,,0,,0,,0,,0,,1,Fortress,0,,1,Fortress,Mortared stone masonry,1,Exposed,,Architectural-construction,493.67,7.55,0.246162,0.222164,12288.48,0.000,,0.839006,Urban excl.,1.87,Direct,0.00,1,Direct,83.94,0.166116,Acid Pyroclastic,242,Complex cultivation patterns,7,1,1,1,,1,Not significant,2.933462,Low
SITE_0142,2,Kulata Gradot,Pazardzhik,Rakitovo,0,,0,,0,,0,,0,,1,Fortress,0,,1,Fortress,Mortared stone masonry,1,Exposed,,Architectural-construction,982.76,12.93,0.801673,0.524225,7352.43,0.000,0.1154,0.109198,Direct,0.90,Direct,0.00,4,Direct,74.99,0.181156,Metamorphic Complex,313,Mixed forest,9,1,1,7,1,1,Not significant,5.695841,Moderate
SITE_0143,2,The tower Kalinkata,Pazardzhik,Rakitovo,0,,0,,0,,0,,0,,1,Fortress,0,,0,,Mortared stone masonry,1,Exposed,,Architectural-construction,1162.89,4.55,0.608854,0.042888,12438.55,0.000,0.0675,0.065350,Direct,0.90,Direct,0.00,4,Direct,79.83,0.181156,Metamorphic Complex,311,Broad-leaved forest,9,1,1,7,1,1,90% hot spot,5.695841,Moderate
SITE_0144,2,Tatarsko Kale,Pazardzhik,Ravnogor,0,,0,,0,,0,,0,,1,Fortress,0,,1,Fortress,Mortared stone masonry,1,Exposed,,Architectural-construction,851.13,17.54,-0.972784,-0.113255,20877.48,0.000,0.2413,0.216165,Direct,3.90,Direct,0.00,4,Direct,99.72,0.119404,"Granitoid, Granite, Leucogranite, Granodiorite",311,Broad-leaved forest,3,1,1,7,1,1,Not significant,4.090776,Moderate
SITE_0145,1,Emporion Pistiros,Pazardzhik,Septemvri,0,,0,,0,,1,Fortified settlement,1,Town,0,,0,,0,,Mortared stone masonry,1,Exposed,,Archaeological (group),252.98,1.93,0.908360,0.215702,0.00,0.211,1.1775,0.778180,Direct,3.10,Direct,0.00,1,Direct,116.48,0.204220,"Alluvium, Eluvium",211,Non-irrigated arable land,9,9,1,1,3,1,90% hot spot,3.772109,Low
SITE_0146,1,Zhaba Mogila,Pazardzhik,Strelcha,0,,0,,0,,1,Thracian mound,0,,0,,0,,0,,Earthwork (earthen burial mound),3,Mostly subsurface,,Archaeological (single),497.99,15.47,-0.134941,0.428258,10353.52,0.000,4.0751,1.624340,Direct,3.90,Direct,0.00,2,Direct,79.47,0.136036,Undifferentiated Sediment,211,Non-irrigated arable land,5,1,1,3,5,7,Not significant,3.793579,Low
SITE_0147,2,Lyubnishko Kale,Pazardzhik,Tserovo,0,,0,,0,,0,,0,,1,Fortress,0,,1,Fortress,Mortared stone masonry,1,Exposed,,Architectural-construction,710.39,12.78,0.493091,0.821698,4264.23,0.000,0.0881,0.084392,Direct,2.60,Direct,0.00,4,Direct,75.34,0.201165,,311,Broad-leaved forest,9,1,1,7,1,1,Not significant,5.695841,Moderate
SITE_0148,1,Bona Mansio,Pazardzhik,Vetren,0,,0,,0,,0,,1,Infrastructure,0,,0,,0,,Mortared stone masonry,1,Exposed,,Archaeological (single),284.17,3.97,-0.621075,0.774551,1700.00,0.000,1.7037,0.994637,Direct,3.10,Direct,0.00,1,Direct,26.51,0.203526,"Alluvium, Eluvium",243,"Land principally occupied by agriculture, with significant areas of natural vegetation",9,1,1,1,3,1,90% hot spot,3.527036,Low
SITE_0149,1,Tell Yunatsite,Pazardzhik,Yunatsite,0,,1,Tell,0,,0,,0,,0,,0,,0,,Earthwork / earthen architecture,2,Partially exposed,,Archaeological (group),228.96,10.56,-0.487737,0.826022,844.46,0.000,2.0741,1.123000,Direct,12.13,Direct,0.00,1,Direct,41.00,0.188362,"Alluvium, Eluvium",211,Non-irrigated arable land,9,3,3,1,5,9,Not significant,5.709523,Moderate
SITE_0150,2,Anevo Kale,Plovdiv,Anevo,0,,0,,0,,0,,0,,0,,0,,1,Fortress,Mortared stone masonry,1,Exposed,,Architectural-construction,937.75,22.84,-0.882062,0.467425,10325.40,0.000,0.2674,0.236995,Direct,0.63,Direct,0.00,4,Direct,80.34,0.104435,,311,Broad-leaved forest,3,1,1,7,1,1,99% cold spot,4.090776,Moderate
SITE_0151,3,Asenova Fortress,Plovdiv,Asenovgrad,0,,0,,0,,0,,0,,1,Fortress,0,,1,Fortress,Mortared stone masonry,1,Exposed,,Architectural-construction,384.75,21.88,-0.953057,0.051119,92.17,0.000,2.9319,1.369134,Direct,5.43,Direct,0.00,4,Direct,134.86,0.199590,Metamorphic Complex,324,Transitional woodland-shrub,9,7,1,7,5,1,95% hot spot,6.190361,High
SITE_0152,1,Bachkovo Monastery,Plovdiv,Asenovgrad,0,,0,,0,,0,,0,,1,Monastery,0,,0,,Mortared mixed masonry (stone + brick),1,Exposed,UNESCO Tentative List,Architectural-historical (single),407.45,4.26,0.257814,-0.425551,96.62,0.000,9.8778,2.386725,Direct,5.43,Direct,0.00,4,Direct,43.87,0.175629,Metamorphic Complex,243,"Land principally occupied by agriculture, with significant areas of natural vegetation",7,7,1,7,7,3,95% hot spot,4.558205,Moderate
SITE_0153,1,Church of St. George Metokha,Plovdiv,Asenovgrad,0,,0,,0,,0,,0,,0,,0,,1,Church,Mortared mixed masonry (stone + brick),1,Exposed,,Architectural-construction,270.75,12.22,0.015832,0.933364,70.00,0.000,,0.839006,Urban excl. ,5.43,Direct,0.00,3,Direct,91.76,0.199590,Metamorphic Complex,112,Discontinuous urban fabric,9,7,1,5,,3,90% hot spot,4.695077,Moderate
SITE_0154,3,Church of the Holy Virgin of Petrich,Plovdiv,Asenovgrad,0,,0,,0,,0,,0,,0,,0,,1,Church,Mortared mixed masonry (stone + brick),1,Exposed,,Architectural-construction,376.53,27.59,0.574764,0.543556,33.04,0.000,3.3298,1.465528,Direct,5.43,Direct,0.00,4,Direct,96.70,0.199590,Metamorphic Complex,324,Transitional woodland-shrub,9,7,1,7,5,3,95% hot spot,6.319627,High
SITE_0155,1,Stanimaka Fortress ruins,Plovdiv,Asenovgrad,0,,0,,0,,0,,0,,1,Fortress,0,,1,Fortress,Mortared stone masonry,1,Exposed,,,247.19,8.72,-0.018782,-0.175384,158.11,0.000,,0.839006,Urban excl.,5.43,Direct,0.00,2,Direct,75.91,0.199590,Metamorphic Complex,112,Discontinuous urban fabric,9,5,1,3,,1,90% hot spot,3.984051,Low
SITE_0156,2,Golyama Dragoyna,Plovdiv,Bukovo,0,,0,,1,Ritual site,1,Hillfort,0,,0,,0,,0,,Earthwork / early stone construction,1,Exposed,,Archaeological (single),794.70,15.40,0.688093,0.708595,16635.79,0.000,0.0900,0.086180,Direct,19.63,Direct,0.00,4,Direct,99.11,0.197066,Intermediate Volcanic,311,Broad-leaved forest,9,1,5,7,1,7,99% hot spot,6.783614,High
SITE_0157,2,Monastery of St. Cyril and St. Yulita,Plovdiv,Gorni Voden Asenovgrad,0,,0,,0,,0,,0,,0,,0,,1,Monastery,Mortared mixed masonry (stone + brick),1,Exposed,,Architectural-construction,607.09,10.49,0.434425,0.673498,2303.91,0.000,0.3474,0.298214,Direct,5.43,Direct,0.00,3,Direct,98.73,0.199590,Metamorphic Complex,311,Broad-leaved forest,9,1,1,5,1,3,90% hot spot,5.008253,Moderate
SITE_0158,3,Diocletionopolis,Plovdiv,Hisarya,0,,0,,0,,0,,1,Town,1,Fortified town,0,,0,,Mortared stone masonry,1,Exposed,,Archaeological Reserve,353.60,15.66,-0.749270,-0.556310,8703.97,0.000,,0.839006,Urban excl.,3.07,Direct,0.00,1,Direct,67.78,0.133302,"Granitoid, Granite, Leucogranite, Granodiorite",112,Discontinuous urban fabric,5,1,1,1,,1,99% cold spot,1.988379,Very Low
SITE_0159,1,Hisarya Basilica 1,Plovdiv,Hisarya,0,,0,,0,,0,,0,,1,Basilica,0,,0,,Mortared mixed masonry (stone + brick),1,Exposed,,Archaeological Reserve,356.21,6.70,-0.932241,0.212362,8812.52,0.000,,0.839006,Urban excl.,3.07,Direct,0.00,1,Direct,86.78,0.133302,"Granitoid, Granite, Leucogranite, Granodiorite",112,Discontinuous urban fabric,5,1,1,1,,3,99% cold spot,2.661085,Low
SITE_0160,1,Hisarya Basilica 3,Plovdiv,Hisarya,0,,0,,0,,0,,0,,1,Basilica,0,,0,,Mortared mixed masonry (stone + brick),1,Exposed,,Archaeological Reserve,353.93,3.85,-0.732274,-0.664832,8736.85,0.000,,0.839006,Urban excl.,3.07,Direct,0.00,1,Direct,34.14,0.133302,"Granitoid, Granite, Leucogranite, Granodiorite",142,Sport and leisure facilities,5,1,1,1,,3,99% cold spot,2.661085,Low
SITE_0161,1,Hisarya Basilica 8,Plovdiv,Hisarya,0,,0,,0,,0,,0,,1,Basilica,0,,0,,Mortared mixed masonry (stone + brick),1,Exposed,,Archaeological Reserve,366.61,6.54,-0.345457,0.146324,7966.22,0.000,,0.839006,Urban excl.,3.07,Direct,0.00,1,Direct,41.12,0.133302,"Granitoid, Granite, Leucogranite, Granodiorite",112,Discontinuous urban fabric,5,1,1,1,,3,99% cold spot,2.661085,Low
SITE_0162,1,Hisarya Fortress walls,Plovdiv,Hisarya,0,,0,,0,,0,,1,Fort,0,,0,,0,,Mortared stone masonry,1,Exposed,,Archaeological Reserve,354.28,4.48,-0.967884,0.200568,8785.96,0.000,,0.839006,Urban excl.,3.07,Direct,0.00,1,Direct,115.02,0.133302,"Granitoid, Granite, Leucogranite, Granodiorite",142,Sport and leisure facilities,5,1,1,1,,1,99% cold spot,2.288975,Low
SITE_0163,3,Hisarya Roman Baths,Plovdiv,Hisarya,0,,0,,0,,0,,1,Infrastructure,0,,0,,0,,Mortared stone masonry,1,Exposed,,Archaeological Reserve,354.42,15.03,-0.954501,-0.113588,8703.42,0.000,,0.839006,Urban excl.,3.07,Direct,0.00,1,Direct,64.63,0.133302,"Granitoid, Granite, Leucogranite, Granodiorite",112,Discontinuous urban fabric,5,1,1,1,,1,99% cold spot,1.988379,Very Low
SITE_0164,3,Stone of Tsar Asen,Plovdiv,Krichim,0,,0,,0,,0,,0,,0,,0,,1,Infrastructure,Mortared stone masonry,1,Exposed,,,422.29,28.78,0.233200,0.967848,420.00,0.000,0.1293,0.121641,Direct,2.30,Direct,0.00,3,Direct,87.84,0.171885,Metamorphic Complex,311,Broad-leaved forest,7,5,1,5,1,1,Not significant,4.319627,Moderate
SITE_0165,3,Monastery of Saints Cosmas and Damian,Plovdiv,Kuklen,0,,0,,0,,0,,0,,1,Church,0,,1,Monastery,Mortared mixed masonry (stone + brick),1,Exposed,,Architectural-historical (single),567.73,25.74,-0.035021,0.994229,7626.56,0.000,2.0905,1.128338,Direct,5.43,Direct,0.00,4,Direct,100.41,0.196798,Metamorphic Complex,324,Transitional woodland-shrub,9,1,1,7,5,3,90% hot spot,6.090610,High
SITE_0166,1,Maltepe,Plovdiv,Manole,0,,0,,0,,0,,1,Necropolis,0,,0,,0,,Earthwork (earthen burial mound),3,Mostly subsurface,,,165.72,17.38,-0.697941,0.275898,400.00,0.000,0.9393,0.662330,Direct,16.20,Direct,0.00,1,Direct,30.46,0.232561,"Alluvium, Eluvium",211,Non-irrigated arable land,9,5,3,1,1,7,Not significant,5.079086,Moderate
SITE_0167,1,Red Church,Plovdiv,Perushtitsa,0,,0,,0,,0,,0,,1,Basilica,0,,0,,Mortared mixed masonry (stone + brick),1,Exposed,,Architectural-construction,233.82,5.65,-0.513963,-0.839437,3229.44,0.000,3.7078,1.549222,Direct,2.30,Direct,0.00,1,Direct,118.50,0.195312,"Alluvium, Eluvium",211,Non-irrigated arable land,9,1,1,1,5,3,Not significant,4.042553,Moderate
SITE_0168,3,Ancient Theatre of Philippopolis,Plovdiv,Plovdiv,0,,0,,0,,0,,1,Town,0,,0,,0,,Mortared stone masonry,1,Exposed,UNESCO Tentative List,Archaeological (single),185.87,21.03,-0.954132,-0.166727,749.16,0.000,,0.839006,Urban excl.,19.80,Direct,0.00,1,Direct,43.93,0.209283,"Alluvium, Eluvium",112,Discontinuous urban fabric,9,3,5,1,,1,Not significant,3.545834,Low
SITE_0169,1,Domus Eirene,Plovdiv,Plovdiv,0,,0,,0,,0,,1,Villa,0,,0,,0,,Mortared stone masonry,1,Exposed,UNESCO Tentative List,Archaeological (single),166.01,6.69,-0.117679,-0.834778,932.65,0.000,,0.839006,Urban excl.,19.80,Direct,0.00,1,Direct,88.30,0.209283,"Alluvium, Eluvium",112,Discontinuous urban fabric,9,3,5,1,,1,Not significant,4.934111,Moderate
SITE_0170,1,East Gate Philippopolis,Plovdiv,Plovdiv,0,,0,,0,,0,,1,Fort,1,Fortress,0,,0,,Mortared stone masonry,1,Exposed,,Archaeological (group),162.47,5.86,0.525985,0.812302,480.00,0.000,,0.839006,Urban excl.,19.80,Direct,0.00,1,Direct,53.60,0.209283,"Alluvium, Eluvium",112,Discontinuous urban fabric,9,5,5,1,,1,Not significant,5.001299,Moderate
SITE_0171,1,Episcopal Great Basilica,Plovdiv,Plovdiv,0,,0,,0,,0,,0,,1,Basilica,0,,0,,Mortared mixed masonry (stone + brick),1,Exposed,UNESCO Tentative List,Archaeological (single),164.02,11.43,-0.697152,-0.191349,1008.91,0.000,,0.839006,Urban excl.,19.80,Direct,0.00,1,Direct,68.55,0.209283,"Alluvium, Eluvium",112,Discontinuous urban fabric,9,1,5,1,,3,Not significant,5.239035,Moderate
SITE_0172,1,Hellenistic buildings,Plovdiv,Plovdiv,0,,0,,0,,1,Fortified settlement,0,,0,,0,,0,,Earthwork / early stone construction,1,Exposed,,Architectural-Historical Reserve,160.90,5.19,0.380031,0.440080,1288.77,0.000,,0.839006,Urban excl.,19.80,Direct,0.00,1,Direct,47.45,0.209283,"Alluvium, Eluvium",111,Continuous urban fabric,9,1,5,1,,7,Not significant,5.983256,Moderate
SITE_0173,1,Hisarya Kapia,Plovdiv,Plovdiv,0,,0,,0,,0,,0,,1,Fortress,0,,1,Fortress,Mortared stone masonry,1,Exposed,,Architectural-Historical Reserve,196.53,17.77,-0.775938,0.585277,399.32,0.000,,0.839006,Urban excl.,19.80,Direct,0.00,1,Direct,81.05,0.209283,"Alluvium, Eluvium",112,Discontinuous urban fabric,9,5,5,1,,1,Not significant,5.001299,Moderate
SITE_0174,3,Inner Fortress wall of Philippopolis,Plovdiv,Plovdiv,0,,0,,0,,0,,1,Fort,1,Fortress,0,,0,,Mortared stone masonry,1,Exposed,,Architectural-Historical Reserve,189.67,21.42,0.600933,-0.787160,260.00,0.000,,0.839006,Urban excl.,19.80,Direct,0.00,1,Direct,111.83,0.217633,"Alluvium, Eluvium",112,Discontinuous urban fabric,9,5,5,1,,1,Not significant,3.631401,Low
SITE_0175,1,Minor Basilica,Plovdiv,Plovdiv,0,,0,,0,,0,,0,,1,Basilica,0,,0,,Mortared mixed masonry (stone + brick),1,Exposed,UNESCO Tentative List,Archaeological (single),160.41,5.47,-0.543794,-0.203791,593.46,0.000,,0.839006,Urban excl.,19.80,Direct,0.00,1,Direct,97.30,0.209283,"Alluvium, Eluvium",112,Discontinuous urban fabric,9,3,5,1,,3,Not significant,5.306222,Moderate
SITE_0176,1,Nebet Tepe,Plovdiv,Plovdiv,0,,0,,0,,1,Fortified settlement,1,Town,1,Fortified town,0,,0,,Mortared stone masonry,1,Exposed,UNESCO Tentative List,Archaeological (single),200.35,9.33,0.059064,-0.979784,280.00,0.000,,0.839006,Urban excl.,19.80,Direct,0.00,1,Direct,90.39,0.217633,"Alluvium, Eluvium",112,Discontinuous urban fabric,9,5,5,1,,1,Not significant,5.001299,Moderate
SITE_0177,1,Outer Fortress wall of Philippopolis,Plovdiv,Plovdiv,0,,0,,0,,0,,0,,1,Fortress,0,,0,,Mortared stone masonry,1,Exposed,,Architectural-Historical Reserve,162.71,5.86,0.525985,0.812302,480.00,0.000,,0.839006,Urban excl.,19.80,Direct,0.00,1,Direct,59.25,0.209283,"Alluvium, Eluvium",112,Discontinuous urban fabric,9,5,5,1,,1,Not significant,5.001299,Moderate
SITE_0178,1,Peristyle building and street intersection,Plovdiv,Plovdiv,0,,0,,0,,0,,1,Town,0,,0,,0,,Mortared stone masonry,1,Exposed,,Archaeological (single),166.32,5.41,-0.607385,0.197746,930.00,0.000,,0.839006,Urban excl.,19.80,Direct,0.00,1,Direct,72.55,0.209283,"Alluvium, Eluvium",112,Discontinuous urban fabric,9,3,5,1,,1,Not significant,4.934111,Moderate
SITE_0179,1,Philippopolis Roman Baths I,Plovdiv,Plovdiv,0,,0,,0,,0,,1,Infrastructure,0,,0,,0,,Mortared stone masonry,1,Exposed,,Archaeological (single),172.53,6.42,-0.825134,-0.526608,828.95,0.000,,0.839006,Urban excl.,19.80,Direct,0.00,1,Direct,138.76,0.209283,"Alluvium, Eluvium",111,Continuous urban fabric,9,3,5,1,,1,Not significant,4.934111,Moderate
SITE_0180,1,Remains of Fortress wall of Philippopolis,Plovdiv,Plovdiv,0,,0,,0,,0,,1,Fort,1,Fortress,0,,0,,Mortared stone masonry,1,Exposed,,Architectural-Historical Reserve,160.33,2.19,-0.151366,0.280282,862.90,0.000,,0.839006,Urban excl.,19.80,Direct,0.00,1,Direct,80.13,0.209283,"Alluvium, Eluvium",112,Discontinuous urban fabric,9,3,5,1,,1,Not significant,4.934111,Moderate
SITE_0181,1,Roman Forum of Philippopolis,Plovdiv,Plovdiv,0,,0,,0,,0,,1,Town,0,,0,,0,,Mortared stone masonry,1,Exposed,,Archaeological (single),162.90,9.12,0.328749,-0.468701,1170.69,0.000,,0.839006,Urban excl.,19.80,Direct,0.00,1,Direct,125.19,0.209283,"Alluvium, Eluvium",111,Continuous urban fabric,9,1,5,1,,1,Not significant,4.866924,Moderate
SITE_0182,1,Roman Stadium of Philippopolis,Plovdiv,Plovdiv,0,,0,,0,,0,,1,Town,0,,0,,0,,Mortared stone masonry,1,Exposed,UNESCO Tentative List,Archaeological (single),171.12,16.49,0.425054,0.880936,648.56,0.000,,0.839006,Urban excl.,19.80,Direct,0.00,1,Direct,48.57,0.209283,"Alluvium, Eluvium",111,Continuous urban fabric,9,3,5,1,,1,Not significant,4.934111,Moderate
SITE_0183,1,Spas Bair hill,Plovdiv,Shishmantsi,0,,0,,0,,1,Rock sanctuary,1,Temple,0,,0,,0,,Mortared stone masonry,1,Exposed,,Archaeological (single),174.53,1.73,-0.032101,0.216972,7454.43,0.000,2.1474,1.146571,Direct,16.20,Direct,0.00,1,Direct,101.61,0.232561,Undifferentiated Sediment,211,Non-irrigated arable land,9,1,3,1,5,1,Not significant,4.290936,Moderate
SITE_0184,2,Belintash,Plovdiv,Sini Vrah,0,,0,,1,Rock sanctuary,1,Rock sanctuary,0,,0,,0,,0,,Rock-cut / bedrock construction,2,Partially exposed,,Archaeological (single),1250.55,12.03,0.265588,-0.201929,13187.94,0.000,1.0942,0.739176,Direct,2.83,Direct,0.00,5,Direct,120.64,0.157404,Acid Pyroclastic,324,Transitional woodland-shrub,7,1,1,9,3,5,99% hot spot,6.417065,High
SITE_0185,3,Chetinyova Mogila,Plovdiv,Starosel,0,,0,,0,,1,Hillfort,0,,0,,0,,0,,Earthwork / early stone construction,1,Exposed,,Archaeological Reserve,514.15,23.52,-0.975183,0.153445,18233.64,0.000,5.0559,1.801032,Direct,0.97,Direct,0.00,4,Direct,71.55,0.131344,"Orthogneiss, Granite-gneiss",231,Pastures,5,1,1,7,7,7,99% cold spot,5.683037,Moderate
SITE_0186,1,Horizon mound,Plovdiv,Starosel,0,,0,,0,,1,Thracian mound,0,,0,,0,,0,,Earthwork (earthen burial mound),3,Mostly subsurface,,,403.23,7.99,0.320153,-0.178629,18453.76,0.000,0.9374,0.661351,Direct,0.97,Direct,0.00,1,Direct,75.05,0.131344,"Orthogneiss, Granite-gneiss",222,Fruit trees and berry plantations,5,1,1,1,1,7,99% cold spot,3.193413,Low
SITE_0187,1,Royal tomb,Plovdiv,Starosel,0,,0,,0,,1,Thracian mound,0,,0,,0,,0,,Earthwork (earthen burial mound),3,Mostly subsurface,,Archaeological Reserve,501.04,2.69,-0.291130,-0.097004,18326.73,0.000,7.9021,2.186288,Direct,0.97,Direct,0.00,4,Direct,110.13,0.131344,"Orthogneiss, Granite-gneiss",231,Pastures,5,1,1,7,7,7,99% cold spot,4.465347,Moderate
SITE_0188,1,Church of St. Nicholas,Plovdiv,Taksim Tepe,0,,0,,0,,0,,0,,1,Church,0,,0,,Mortared mixed masonry (stone + brick),1,Exposed,,Architectural-historical (single),164.12,3.17,-0.447321,-0.436485,627.00,0.000,,0.839006,Urban excl.,19.80,Direct,0.00,1,Direct,77.82,0.202761,"Alluvium, Eluvium",112,Discontinuous urban fabric,9,3,5,1,,3,Not significant,5.306222,Moderate
SITE_0189,1,Chintulovo mound,Sliven,Chintulovo,0,,0,,0,,1,Thracian mound,0,,0,,0,,0,,Earthwork (earthen burial mound),3,Mostly subsurface,,Archaeological (single),198.94,3.18,-0.953984,0.099222,1347.69,0.000,1.9861,1.093966,Direct,5.83,Direct,0.00,2,Direct,92.87,0.113273,"Alluvium, Eluvium",211,Non-irrigated arable land,3,1,1,3,3,7,Not significant,3.029679,Low
SITE_0190,1,Nanchovata Mogila,Sliven,Chintulovo,0,,0,,0,,1,Thracian mound,1,Necropolis,0,,0,,0,,Earthwork (earthen burial mound),3,Mostly subsurface,,Archaeological (single),180.43,5.83,-0.380204,0.409052,871.71,0.000,4.0813,1.625570,Direct,5.83,Direct,0.00,2,Direct,134.16,0.113519,"Alluvium, Eluvium",211,Non-irrigated arable land,3,3,1,3,5,7,Not significant,3.267136,Low
SITE_0191,1,Dyadovo settlement,Sliven,Dyadovo,1,Tell,1,Tell,1,Settlement,0,,0,,0,,0,,0,,Earthwork / earthen architecture,1,Exposed,,Archaeological (single),133.89,16.67,0.978360,0.136022,7857.13,0.000,,0.839006,Urban excl.,23.73,Direct,0.00,2,Direct,32.45,0.127953,"Alluvium, Eluvium",231,Pastures,3,1,5,3,,9,Not significant,4.693632,Moderate
SITE_0192,1,Kaloyanovo Mound I,Sliven,Kaloyanovo,0,,0,,0,,1,Thracian mound,0,,0,,0,,0,,Earthwork (earthen burial mound),3,Mostly subsurface,,Archaeological (group),216.59,2.68,-0.452376,0.641347,9108.23,0.000,1.7771,1.021417,Direct,8.97,Direct,0.00,3,Direct,63.77,0.116923,"Alluvium, Eluvium",211,Non-irrigated arable land,3,1,3,5,3,7,Not significant,3.865181,Low
SITE_0193,1,Kaloyanovo Mound II,Sliven,Kaloyanovo,0,,0,,0,,1,Thracian mound,0,,0,,0,,0,,Earthwork (earthen burial mound),3,Mostly subsurface,,Archaeological (group),210.22,4.80,0.196756,-0.094962,9306.41,0.000,1.2809,0.824562,Direct,8.97,Direct,0.00,3,Direct,60.99,0.116923,"Alluvium, Eluvium",211,Non-irrigated arable land,3,1,3,5,3,7,Not significant,3.865181,Low
SITE_0194,1,Kaloyanovo Mound III,Sliven,Kaloyanovo,0,,0,,0,,1,Thracian mound,0,,0,,0,,0,,Earthwork (earthen burial mound),3,Mostly subsurface,,Archaeological (group),178.82,5.18,-0.003906,-0.353602,7576.86,0.000,3.4671,1.496745,Direct,8.97,Direct,0.00,3,Direct,45.53,0.116923,"Alluvium, Eluvium",222,Fruit trees and berry plantations,3,1,3,5,5,7,Not significant,4.041369,Moderate
SITE_0195,1,Kaloyanovo Tumulus,Sliven,Kaloyanovo,0,,0,,0,,1,Thracian mound,0,,0,,0,,1,Cemetery,Earthwork (earthen burial mound),3,Mostly subsurface,,Archaeological (group),197.98,3.07,0.074799,-0.260607,8283.03,0.000,2.4829,1.247871,Direct,8.97,Direct,0.00,3,Direct,85.04,0.116923,"Alluvium, Eluvium",221,Vineyards,3,1,3,5,5,7,Not significant,4.041369,Moderate
SITE_0196,1,Kamen mogila,Sliven,Kamen,0,,0,,1,Burial mound,0,,0,,0,,0,,0,,Earthwork (earthen burial mound),2,Partially exposed,,,293.56,5.61,-0.540336,-0.037454,4494.80,0.000,1.0464,0.716096,Direct,29.27,Direct,0.00,4,Direct,109.53,0.110784,Undifferentiated Sediment,231,Pastures,3,1,7,7,3,7,Not significant,5.288395,Moderate
SITE_0197,1,Kota 255,Sliven,Karanovo,0,,0,,0,,0,,1,Fort,1,Fortress,0,,1,Fortress,Mortared stone masonry,1,Exposed,,Archaeological (single),225.35,7.71,-0.912627,0.334708,6787.00,0.000,3.5903,1.523950,Direct,23.73,Direct,0.00,5,Direct,89.51,0.127718,"Undifferentiated Flysh, Turbidite",211,Non-irrigated arable land,3,1,5,9,5,1,Not significant,4.106672,Moderate
SITE_0198,1,Prehistoric Wide Mound,Sliven,Karanovo,1,Tell,1,Tell,0,,0,,0,,0,,0,,0,,Earthwork / earthen architecture,2,Partially exposed,,Archaeological (single),216.88,7.63,-0.457266,0.756272,6784.64,0.000,2.1581,1.149983,Direct,23.73,Direct,0.00,3,Direct,47.57,0.127718,"Undifferentiated Flysh, Turbidite",211,Non-irrigated arable land,3,1,5,5,5,9,Not significant,4.968411,Moderate
SITE_0199,1,Roman Karanovo mound,Sliven,Karanovo,0,,0,,0,,0,,1,Burial mound,0,,0,,0,,Earthwork (earthen burial mound),2,Partially exposed,,,216.79,7.30,-0.234150,0.486992,6923.61,0.000,1.3307,0.846174,Direct,23.73,Direct,0.00,3,Direct,112.73,0.127718,"Undifferentiated Flysh, Turbidite",211,Non-irrigated arable land,3,1,5,5,3,7,Not significant,4.452893,Moderate
SITE_0200,1,Tell Karanovo,Sliven,Karanovo,1,Tell,1,Tell,1,Settlement,0,,0,,0,,0,,0,,Earthwork / earthen architecture,1,Exposed,,Archaeological (group),199.51,10.92,0.294815,0.211105,7492.99,0.000,,0.839006,Urban excl.,23.73,Direct,0.00,1,Direct,97.85,0.127718,"Alluvium, Eluvium",112,Discontinuous urban fabric,3,1,5,1,,9,Not significant,4.421904,Moderate
SITE_0201,1,Boz Bair,Sliven,Nova Zagora,0,,1,Tell,1,Settlement,1,Fortified settlement,0,,0,,0,,0,,Earthwork / early stone construction,1,Exposed,,Archaeological (group),143.36,3.32,-0.785297,-0.584239,11286.87,0.000,0.9809,0.683537,Direct,29.17,Direct,0.00,2,Direct,46.64,0.112953,"Alluvium, Eluvium",211,Non-irrigated arable land,3,1,7,3,1,7,Not significant,4.616627,Moderate
SITE_0202,1,Boz Bair mound I,Sliven,Nova Zagora,0,,0,,0,,1,Thracian mound,1,Necropolis,0,,0,,0,,Earthwork (earthen burial mound),3,Mostly subsurface,,,156.82,10.25,-0.490223,0.284320,11350.64,0.000,3.5279,1.510268,Direct,29.17,Direct,0.00,2,Direct,101.51,0.112953,"Alluvium, Eluvium",211,Non-irrigated arable land,3,1,7,3,5,7,Not significant,4.969003,Moderate
SITE_0203,1,Boz Bair mound II,Sliven,Nova Zagora,0,,0,,0,,1,Thracian mound,1,Necropolis,0,,0,,0,,Earthwork (earthen burial mound),3,Mostly subsurface,,,154.29,5.56,0.342238,0.101991,11456.91,0.000,3.6067,1.527505,Direct,29.17,Direct,0.00,3,Direct,77.90,0.112953,"Alluvium, Eluvium",211,Non-irrigated arable land,3,1,7,5,5,7,Not significant,5.216793,Moderate
SITE_0204,1,Tuida Fortress,Sliven,Sliven town,0,,0,,0,,0,,1,Fort,1,Fortress,1,Fortress,1,Fortress,Mortared stone masonry,1,Exposed,,Architectural-construction,328.12,4.21,-0.859179,0.498436,8085.32,0.000,5.6370,1.892661,Direct,5.83,Direct,0.00,4,Direct,55.23,0.114340,Undifferentiated Sediment,242,Complex cultivation patterns,3,1,1,7,7,1,Not significant,2.859646,Low
SITE_0205,1,Sokol Himitliyata,Sliven,Sokol,0,,0,,1,Burial mound,0,,0,,0,,0,,0,,Earthwork (earthen burial mound),2,Partially exposed,,Archaeological (single),202.50,7.58,-0.886059,-0.207414,12365.05,0.000,0.8890,0.636050,Direct,23.73,Direct,0.00,1,Direct,59.16,0.118721,"Alluvium, Eluvium",211,Non-irrigated arable land,3,1,5,1,1,7,Not significant,3.781125,Low
SITE_0206,1,Staro Selo Mogila,Sliven,Staro Selo,0,,0,,0,,0,,1,Burial mound,0,,0,,0,,Earthwork (earthen burial mound),2,Partially exposed,,,325.43,11.57,-0.849293,0.477483,4064.72,0.000,5.7835,1.914493,Direct,29.17,Direct,0.00,3,Direct,36.66,0.113273,"Undifferentiated Flysh, Turbidite",211,Non-irrigated arable land,3,1,7,5,7,7,Not significant,5.392981,Moderate
SITE_0207,3,Tvarditsa Fortress,Sliven,Tvarditsa,0,,0,,0,,0,,0,,1,Fortress,0,,1,Fortress,Mortared stone masonry,1,Exposed,,Architectural-construction,442.05,30.17,-0.408771,-0.901117,7995.69,0.000,1.1286,0.755447,Direct,5.30,Direct,0.00,5,Direct,17.16,0.116160,,324,Transitional woodland-shrub,3,1,1,9,3,1,Not significant,5.345107,Moderate
SITE_0208,2,Gela Basilica,Smolyan,Gela,0,,0,,0,,0,,1,Temple,1,Basilica,0,,0,,Mortared mixed masonry (stone + brick),1,Exposed,,Archaeological (single),1485.84,5.26,0.412018,0.883010,14709.64,0.000,1.5841,0.949359,Direct,1.47,Direct,0.00,5,Direct,13.76,0.150813,Molasses,242,Complex cultivation patterns,7,1,1,9,3,3,Not significant,6.252736,High
SITE_0209,2,Gradishte Fortress,Smolyan,Gela,0,,0,,0,,0,,0,,1,Fortress,0,,1,Fortress,Mortared stone masonry,1,Exposed,,Archaeological (single),1860.11,36.52,-0.220959,0.963748,15320.30,0.000,2.6721,1.300754,Direct,1.47,Direct,0.00,5,Direct,94.97,0.145914,Acid Pyroclastic,324,Transitional woodland-shrub,5,1,1,9,5,1,Not significant,5.629054,Moderate
SITE_0210,2,Momchilova Fortress,Smolyan,Gradat,0,,0,,0,,0,,0,,0,,0,,1,Fortress,Mortared stone masonry,1,Exposed,,Architectural-construction,1192.40,13.03,0.880414,-0.277927,10181.72,0.000,2.1179,1.137174,Direct,2.97,Direct,0.00,4,Direct,90.53,0.144929,Metamorphic Complex,324,Transitional woodland-shrub,5,1,1,7,5,1,95% hot spot,4.777136,Moderate
SITE_0211,2,Kaleto Fortress Koshnitsa,Smolyan,Koshnitsa,0,,0,,0,,0,,1,Fort,1,Fortress,0,,0,,Mortared stone masonry,1,Exposed,,,999.12,20.49,-0.338643,0.087719,21650.18,0.000,0.0855,0.082001,Direct,2.97,Direct,0.00,4,Direct,86.61,0.146558,"Granitoid, Granite, Leucogranite, Granodiorite",313,Mixed forest,5,1,1,7,1,1,Not significant,4.625798,Moderate
SITE_0212,3,Uleya Cave,Smolyan,Koshnitsa,1,Habitation cave,1,Habitation cave,0,,0,,0,,0,,0,,0,,Rock-cut / bedrock construction,2,Partially exposed,,,979.65,28.50,-0.987623,0.124261,23773.15,0.000,3.0366,1.395408,Direct,2.97,Direct,0.00,3,Direct,76.99,0.146558,"Granitoid, Granite, Leucogranite, Granodiorite",324,Transitional woodland-shrub,5,1,1,5,5,5,Not significant,4.415955,Moderate
SITE_0213,2,St. Ilia Fortress,Smolyan,Yagodina,0,,0,,0,,0,,0,,1,Fortified town,0,,1,Fortified settlement,Mortared stone masonry,1,Exposed,,,1485.22,24.02,0.327952,-0.942999,12131.73,0.000,3.6727,1.541742,Direct,1.43,Direct,0.00,4,Direct,131.14,0.143942,Molasses,312,Coniferous forest,5,1,1,7,5,1,Not significant,4.777136,Moderate
SITE_0214,3,Yagodinska Cave,Smolyan,Yagodina,1,Habitation cave,1,Habitation cave,0,,0,,0,,0,,0,,0,,Rock-cut / bedrock construction,2,Partially exposed,,,1020.50,49.62,0.992650,-0.108857,14084.93,0.000,0.0632,0.061240,Direct,1.43,Direct,0.00,3,Direct,65.73,0.148227,Metamorphic Complex,312,Coniferous forest,5,1,1,5,1,5,Not significant,3.984587,Low
SITE_0215,2,Tyovnata dupka,Smolyan,Zabardo,1,Habitation cave,1,Habitation cave,0,,0,,0,,0,,0,,0,,Rock-cut / bedrock construction,2,Partially exposed,,Archaeological (single),1399.05,23.15,-0.433525,0.895221,14423.74,0.000,2.3722,1.215564,Direct,1.47,Direct,0.00,4,Direct,61.60,0.157193,Metamorphic Complex,324,Transitional woodland-shrub,7,1,1,7,5,5,95% hot spot,5.640816,Moderate
SITE_0216,1,Bratya Daskalovi mound,Stara Zagora,Bratya Daskalovi,0,,0,,0,,0,,1,Burial mound,0,,0,,0,,Earthwork (earthen burial mound),2,Partially exposed,,,229.21,6.31,0.243387,-0.808332,15944.01,0.000,,0.839006,Urban excl.,16.67,Direct,0.00,2,Direct,135.26,0.189481,Undifferentiated Sediment,231,Pastures,9,1,3,3,,7,Not significant,5.610496,Moderate
SITE_0217,1,Momina Mogila,Stara Zagora,Bratya Daskalovi,0,,0,,0,,1,Thracian mound,0,,0,,0,,0,,Earthwork (earthen burial mound),3,Mostly subsurface,,Archaeological (single),295.29,5.21,0.328905,0.257732,15703.15,0.000,2.3427,1.206773,Direct,16.67,Direct,0.00,3,Direct,81.00,0.189481,"Alluvium, Eluvium",231,Pastures,9,1,3,5,5,7,95% hot spot,5.804505,Moderate
SITE_0218,2,Buzovo Kale,Stara Zagora,Buzovgrad,0,,0,,0,,0,,0,,1,Fortress,0,,1,Fortress,Mortared stone masonry,1,Exposed,,Architectural-construction,510.63,21.68,-0.830988,0.514134,850.00,0.000,0.1271,0.119685,Direct,5.40,Direct,0.00,4,Direct,74.17,0.116918,"Granitoid, Granite, Leucogranite, Granodiorite",313,Mixed forest,3,3,1,7,1,1,Not significant,4.166445,Moderate
SITE_0219,1,Thracian domed tomb,Stara Zagora,Buzovgrad,0,,0,,0,,1,Thracian mound,0,,0,,0,,0,,Earthwork (earthen burial mound),3,Mostly subsurface,,Archaeological (single),396.62,4.72,0.087385,0.438327,430.00,0.000,2.0623,1.119161,Direct,5.40,Direct,0.00,4,Direct,52.74,0.116918,"Granitoid, Granite, Leucogranite, Granodiorite",243,"Land principally occupied by agriculture, with significant areas of natural vegetation",3,5,1,7,5,7,Not significant,3.823984,Low
SITE_0220,1,Pizus Fortress,Stara Zagora,Dimitrievo,0,,0,,0,,0,,1,Fort,1,Fortress,0,,0,,Mortared stone masonry,1,Exposed,,Architectural-construction,141.58,2.46,-0.166010,0.874333,12972.21,0.000,1.1317,0.756941,Direct,25.07,Direct,0.00,1,Direct,64.27,0.184241,Undifferentiated Sediment,211,Non-irrigated arable land,9,1,5,1,3,1,99% hot spot,4.702459,Moderate
SITE_0221,2,Tomb of Kazanlak,Stara Zagora,Kazanlak,0,,0,,0,,1,Thracian mound,0,,0,,0,,0,,Earthwork (earthen burial mound),3,Mostly subsurface,UNESCO World Heritage,Architectural-construction,399.13,5.10,-0.502056,-0.846688,3609.97,0.000,0.0725,0.069950,Direct,2.87,Direct,0.00,3,Direct,70.29,0.116918,"Alluvium, Eluvium",313,Mixed forest,3,1,1,5,1,7,Not significant,3.731845,Low
SITE_0222,3,Kran Fortress,Stara Zagora,Kran,0,,0,,0,,0,,0,,0,,0,,1,Fortress,Mortared stone masonry,1,Exposed,,Architectural-construction,705.91,20.84,-0.711959,-0.700365,8929.99,0.000,4.7274,1.745263,Direct,2.87,Direct,0.00,4,Direct,65.72,0.111240,"Alluvium, Eluvium",324,Transitional woodland-shrub,3,1,1,7,5,1,90% cold spot,4.638659,Moderate
SITE_0223,1,Kesteleva Mogila,Stara Zagora,Maglizh,0,,0,,0,,1,Thracian mound,0,,0,,0,,0,,Earthwork (earthen burial mound),3,Mostly subsurface,,Archaeological (single),363.63,8.40,-0.336496,0.136224,4211.68,0.000,0.8334,0.606188,Direct,5.40,Direct,0.00,3,Direct,81.03,0.116710,"Alluvium, Eluvium",231,Pastures,3,1,1,5,1,7,Not significant,3.101281,Low
SITE_0224,1,Malak Dol mound,Stara Zagora,Malak Dol,0,,0,,0,,1,Thracian mound,0,,0,,0,,0,,Earthwork (earthen burial mound),3,Mostly subsurface,,,242.42,4.93,-0.287372,-0.142396,17948.75,0.000,1.2974,0.831797,Direct,16.67,Direct,0.00,2,Direct,57.20,0.189481,"Undifferentiated Flysh, Turbidite",243,"Land principally occupied by agriculture, with significant areas of natural vegetation",9,1,3,3,3,7,Not significant,5.380527,Moderate
SITE_0225,1,Karasura,Stara Zagora,Rupkite,0,,0,,0,,0,,1,Infrastructure,1,Infrastructure,0,,0,,Mortared stone masonry,1,Exposed,,Archaeological (single),220.52,9.16,-0.552442,-0.062729,13482.02,0.000,0.8781,0.630245,Direct,25.07,Direct,0.00,1,Direct,43.35,0.199196,Undifferentiated Sediment,243,"Land principally occupied by agriculture, with significant areas of natural vegetation",9,1,5,1,1,1,99% hot spot,4.526272,Moderate
SITE_0226,1,Tomb of Sashnova,Stara Zagora,Sheinovo,0,,0,,0,,1,Thracian mound,0,,0,,0,,0,,Earthwork (earthen burial mound),3,Mostly subsurface,,Archaeological Reserve,527.39,4.11,-0.536423,-0.282721,7135.22,0.000,3.8786,1.584849,Direct,2.57,Direct,0.00,1,Direct,50.71,0.109968,"Alluvium, Eluvium",211,Non-irrigated arable land,3,1,1,1,5,7,95% cold spot,2.958077,Low
SITE_0227,1,Golyama Arsenalka tomb,Stara Zagora,Shipka,0,,0,,0,,1,Thracian mound,0,,0,,0,,0,,Earthwork (earthen burial mound),3,Mostly subsurface,UNESCO Tentative List,Archaeological Reserve,518.27,8.95,-0.938492,0.269186,6689.16,0.000,0.8907,0.636941,Direct,2.57,Direct,0.00,1,Direct,57.88,0.109968,"Alluvium, Eluvium",231,Pastures,3,1,1,1,1,7,95% cold spot,2.605701,Low
SITE_0228,2,Mezideva Fortress,Stara Zagora,Shipka,0,,0,,0,,0,,0,,1,Fortress,0,,1,Fortress,Mortared stone masonry,1,Exposed,,,694.47,4.86,-0.372695,-0.783374,8875.31,0.000,0.1976,0.180315,Direct,2.57,Direct,0.00,4,Direct,54.98,0.111240,,313,Mixed forest,3,1,1,7,1,1,90% cold spot,4.090776,Moderate
SITE_0229,3,Ostrusha tomb,Stara Zagora,Shipka,0,,0,,0,,1,Thracian mound,0,,0,,0,,0,,Earthwork (earthen burial mound),3,Mostly subsurface,UNESCO Tentative List,Archaeological Reserve,508.49,18.04,-0.939471,-0.149926,7231.13,0.000,2.0422,1.112578,Direct,2.57,Direct,0.00,2,Direct,88.69,0.111240,"Alluvium, Eluvium",211,Non-irrigated arable land,3,1,1,3,5,7,90% cold spot,3.182194,Low
SITE_0230,1,Sarafova Mogila,Stara Zagora,Shipka,0,,0,,0,,1,Thracian mound,0,,0,,0,,0,,Earthwork (earthen burial mound),3,Mostly subsurface,UNESCO Tentative List,Archaeological Reserve,479.41,7.21,-0.582214,-0.305665,7464.32,0.000,0.9911,0.688663,Direct,2.87,Direct,0.00,2,Direct,95.21,0.111240,"Alluvium, Eluvium",231,Pastures,3,1,1,3,1,7,90% cold spot,2.853491,Low
SITE_0231,1,Tomb of Helvetia,Stara Zagora,Shipka,0,,0,,0,,1,Thracian mound,0,,0,,0,,0,,Earthwork (earthen burial mound),3,Mostly subsurface,UNESCO Tentative List,Archaeological Reserve,561.29,10.73,-0.657718,-0.246787,8445.64,0.000,,0.839006,Urban excl. ,2.57,Direct,0.00,2,Direct,76.66,0.111240,"Alluvium, Eluvium",242,Complex cultivation patterns,3,1,1,3,,7,95% cold spot,3.032546,Low
SITE_0232,1,Tomb of Malka Kosmatka,Stara Zagora,Shipka,0,,0,,0,,1,Thracian mound,0,,0,,0,,0,,Earthwork (earthen burial mound),3,Mostly subsurface,,Archaeological Reserve,528.78,14.38,-0.275493,0.149544,7481.49,0.000,3.7762,1.563654,Direct,2.57,Direct,0.00,2,Direct,109.36,0.111240,"Alluvium, Eluvium",211,Non-irrigated arable land,3,1,1,3,5,7,95% cold spot,3.205867,Low
SITE_0233,1,Tomb of Seuthes III,Stara Zagora,Shipka,0,,0,,0,,1,Thracian mound,0,,0,,0,,0,,Earthwork (earthen burial mound),3,Mostly subsurface,,Archaeological Reserve,535.81,10.02,-0.294855,-0.213296,7410.44,0.000,3.0335,1.394640,Direct,2.57,Direct,0.00,2,Direct,106.66,0.111240,"Alluvium, Eluvium",211,Non-irrigated arable land,3,1,1,3,5,7,95% cold spot,3.205867,Low
SITE_0234,3,Tomb of Shushmanets,Stara Zagora,Shipka,0,,0,,0,,1,Thracian mound,0,,0,,0,,0,,Earthwork (earthen burial mound),3,Mostly subsurface,UNESCO Tentative List,Archaeological Reserve,582.63,28.60,-0.974327,-0.077003,8665.52,0.000,,0.839006,Urban excl.,2.57,Direct,0.00,4,Direct,30.56,0.111240,"Alluvium, Eluvium",242,Complex cultivation patterns,3,1,1,7,,7,90% cold spot,5.029656,Moderate
SITE_0235,1,Tomb of Svetitzata,Stara Zagora,Shipka,0,,0,,0,,1,Thracian mound,0,,0,,0,,0,,Earthwork (earthen burial mound),3,Mostly subsurface,UNESCO Tentative List,Archaeological Reserve,511.71,9.78,-0.475264,0.151186,7868.35,0.000,3.7071,1.549073,Direct,2.57,Direct,0.00,1,Direct,91.44,0.111240,"Alluvium, Eluvium",211,Non-irrigated arable land,3,1,1,1,5,7,90% cold spot,2.958077,Low
SITE_0236,1,Tomb of The Griffins,Stara Zagora,Shipka,0,,0,,0,,1,Thracian mound,0,,0,,0,,0,,Earthwork (earthen burial mound),3,Mostly subsurface,UNESCO Tentative List,Archaeological Reserve,547.01,10.92,-0.943744,0.155509,7505.36,0.000,1.4763,0.906781,Direct,2.57,Direct,0.00,2,Direct,54.24,0.109968,"Alluvium, Eluvium",211,Non-irrigated arable land,3,1,1,3,3,7,95% cold spot,3.029679,Low
SITE_0237,1,Augusta Traiana Vereia,Stara Zagora,Stara Zagora,0,,0,,0,,0,,1,Town,1,Fortified town,0,,0,,Mortared stone masonry,1,Exposed,,Archaeological reserve,235.71,11.05,-0.576695,0.559596,13491.21,0.000,,0.839006,Urban excl.,11.53,Direct,0.00,1,Direct,72.75,0.149147,"Undifferentiated Flysh, Turbidite",112,Discontinuous urban fabric,5,1,3,1,,1,Not significant,2.933462,Low
SITE_0238,1,Neolithic dwellings,Stara Zagora,Stara Zagora,1,Dwelling,0,,0,,0,,0,,0,,0,,0,,Earthwork / earthen architecture,1,Exposed,UNESCO Tentative List,Archaeological (single),259.26,7.49,-0.329841,0.925362,13627.83,0.000,,0.839006,Urban excl.,5.40,Direct,0.00,4,Direct,88.40,0.149147,"Undifferentiated Flysh, Turbidite",112,Discontinuous urban fabric,5,1,1,7,,9,Not significant,4.592600,Moderate
SITE_0239,1,Bereket Mound,Stara Zagora,Starozagorski Bani,1,Tell,1,Tell,0,,0,,0,,0,,0,,0,,Earthwork / earthen architecture,2,Partially exposed,,Archaeological (single),180.97,6.06,-0.751398,0.513267,11398.37,0.000,0.8591,0.620116,Direct,5.40,Direct,0.00,1,Direct,76.15,0.149147,"Alluvium, Eluvium",211,Non-irrigated arable land,5,1,1,1,1,9,Not significant,3.532743,Low
SITE_0240,1,Roman mineral baths,Stara Zagora,Starozagorski Bani,0,,0,,0,,0,,1,Infrastructure,0,,0,,0,,Mortared stone masonry,1,Exposed,,Architectural-construction,371.39,6.04,-0.171508,-0.120602,10372.14,0.000,,0.839006,Urban excl.,5.40,Direct,0.00,2,Direct,106.40,0.127471,Undifferentiated Sediment,112,Discontinuous urban fabric,3,1,1,3,,1,90% cold spot,1.916215,Very Low
SITE_0241,1,Fortress Zemlen,Stara Zagora,Zemlen,0,,0,,0,,0,,0,,1,Fortress,0,,0,,Mortared stone masonry,1,Exposed,,Architectural-construction,148.94,6.91,-0.619903,-0.222242,3420.86,0.000,1.2948,0.830625,Direct,34.60,Direct,0.00,1,Direct,117.11,0.153346,Undifferentiated Sediment,213,Rice fields,7,1,9,1,3,1,Not significant,5.290171,Moderate
SITE_0242,1,Cheir maj Kaleto,Stara Zagora,Zlatna Livada,0,,0,,0,,1,Fortified settlement,1,Town,1,Fortified town,0,,0,,Mortared stone masonry,1,Exposed,,Architectural-construction,139.85,8.81,-0.397217,-0.904839,188.86,0.000,1.4010,0.875878,Direct,37.00,Direct,0.00,2,Direct,73.37,0.201522,"Alluvium, Eluvium",324,Transitional woodland-shrub,9,5,9,3,3,1,99% hot spot,6.248210,High
SITE_0243,1,Hisara Fortress,Stara Zagora,Zlatna Livada,0,,0,,0,,1,Hillfort,1,Town,1,Fortified town,0,,0,,Mortared stone masonry,1,Exposed,,Architectural-construction,147.71,12.56,0.053588,-0.996958,609.36,0.000,,0.839006,Other excl.,37.00,Direct,0.00,3,Direct,66.48,0.201522,"Alluvium, Eluvium",121,Industrial or commercial units,9,3,9,5,,1,99% hot spot,6.766541,High
SITE_0244,1,Monastery of St. Athanasius the Great,Stara Zagora,Zlatna Livada,0,,0,,0,,0,,0,,1,Monastery,1,Monastery,1,Monastery,Mortared mixed masonry (stone + brick),1,Exposed,,Architectural-historical (single),123.24,9.13,-0.937749,0.001310,412.31,0.000,,0.839006,Urban excl.,37.00,Direct,0.00,2,Direct,48.60,0.201522,"Alluvium, Eluvium",121,Industrial or commercial units,9,5,9,3,,3,99% hot spot,6.934111,High
SITE_0245,1,Kaleto Fortress Bolyarovo,Yambol,Bolyarovo,0,,0,,0,,0,,0,,1,Fortress,0,,1,Fortress,Mortared stone masonry,1,Exposed,,Architectural-construction,209.87,4.76,-0.801357,-0.026308,16408.14,0.000,0.7843,0.579044,Direct,38.20,Direct,0.00,2,Direct,54.15,0.095291,Undifferentiated Sediment,324,Transitional woodland-shrub,1,1,9,3,1,1,Not significant,3.598638,Low
SITE_0246,1,Ancient Kabile,Yambol,Kabile,0,,0,,1,Settlement,1,Fortified settlement,1,Town,0,,0,,0,,Mortared stone masonry,1,Exposed,,Archaeological reserve,149.71,2.35,0.521789,-0.820603,123.44,0.000,0.8239,0.600954,Direct,29.27,Direct,0.00,2,Direct,69.60,0.105899,"Alluvium, Eluvium",231,Pastures,3,5,7,3,1,1,Not significant,3.721174,Low
SITE_0247,1,Roman residence,Yambol,Stroyno,0,,0,,0,,0,,1,Town,0,,0,,0,,Mortared stone masonry,1,Exposed,,Archaeological (single),201.24,3.59,-0.115293,-0.986602,5698.94,0.000,4.0573,1.620827,Direct,38.20,Direct,0.00,1,Direct,58.07,0.097444,Metamorphic Complex,211,Non-irrigated arable land,1,1,9,1,5,1,Not significant,3.703224,Low
SITE_0248,1,Malkoto Kale Fortress,Yambol,Voden,0,,0,,0,,0,,0,,1,Fortress,0,,1,Fortress,Mortared stone masonry,1,Exposed,,Architectural-construction,337.10,3.73,-0.145436,0.108627,25565.18,0.000,0.9528,0.669245,Direct,37.20,Direct,0.00,3,Direct,3.15,0.092155,Metamorphic Complex,321,Natural grasslands,1,1,9,5,1,1,Not significant,3.846428,Low
SITE_0249,1,Dabilin Fortress,Yambol,Yambol,0,,0,,0,,0,,1,Fort,1,Fortress,0,,1,Fortress,Mortared stone masonry,1,Exposed,,Architectural-construction,133.06,9.53,-0.654428,0.473310,80.00,0.000,,0.839006,Urban excl.,29.27,Direct,0.00,1,Direct,64.35,0.105899,"Alluvium, Eluvium",112,Discontinuous urban fabric,3,7,7,1,,1,Not significant,3.779511,Low
SITE_0250,3,Zaychi Vrah,Yambol,Zaychi Vrah,0,,0,,1,Rock sanctuary,1,Rock sanctuary,1,Rock sanctuary,1,Fortified town,0,,0,,Mortared stone masonry,1,Exposed,,Archaeological (single),227.08,21.47,-0.284632,0.913908,579.55,0.000,2.9146,1.364724,Direct,29.27,Direct,0.00,4,Direct,94.11,0.105899,"Alluvium, Eluvium",231,Pastures,3,3,7,7,5,1,Not significant,5.362049,Moderate
