Site_ID,Site,Cluster_3,WLC_RISK,GiZScore,GiPValue,NNeighbors,Gi_Bin
SITE_0001,Ahtopol Fortress,1,2.187942650590000,-4.192393392340000,0.000027602680514,9,-3
SITE_0002,Kozareva Mogila,1,3.029679329230000,-3.891800237210000,0.000099503157478,9,-3
SITE_0003,Poros Fortress,1,2.322316885660000,-4.349894907570000,0.000013620279124,9,-3
SITE_0004,Cape Akra settlement,1,1.745816912760000,-4.253564694480000,0.000021039411619,9,-3
SITE_0005,Deultum,1,2.423348994390000,-4.228258702870000,0.000023550690815,9,-3
SITE_0006,Gornoto Gradishte,1,2.474148479000000,-3.977857759080000,0.000069538947950,9,-3
SITE_0007,Antimovo Fortress,1,4.374991710710000,-1.667192786310000,0.095476076674200,9,-1
SITE_0008,Poros Fortress wall,1,1.979068750530000,-4.763931897910000,0.000001898566045,9,-3
SITE_0009,Dolmen Dragon house,1,2.761951633910000,-3.935847284290000,0.000082903681959,9,-3
SITE_0010,Urdoviza Fortress,1,2.459670286060000,-3.935847284290000,0.000082903681959,9,-3
SITE_0011,Gradishte Fortress II,1,3.518960035890000,-0.955988890318000,0.339077859210000,9,0
SITE_0012,Mishkova Niva,2,3.165557606700000,-3.558285081050000,0.000373284045812,9,-3
SITE_0013,Necropolis City of the dead,1,3.349071491570000,-3.558285081050000,0.000373284045812,9,-3
SITE_0014,Golyamoto Kale,1,2.423213902600000,-3.682788726670000,0.000230696348277,9,-3
SITE_0015,Church of Christ Pantokrator,1,2.176432474650000,-4.687349001850000,0.000002767667640,9,-3
SITE_0016,Church of St. John Aliturgetos,1,2.176432474650000,-4.687349001850000,0.000002767667640,9,-3
SITE_0017,Church of St. John the Baptist,1,2.176432474650000,-4.759785981810000,0.000001937983480,9,-3
SITE_0018,Church of St. Paraskeva,1,2.176432474650000,-4.759785981810000,0.000001937983480,9,-3
SITE_0019,Church of St. Stefan,1,2.176432474650000,-4.687349001850000,0.000002767667640,9,-3
SITE_0020,Church of St. Theodore,1,2.176432474650000,-4.759785981810000,0.000001937983480,9,-3
SITE_0021,Church of St. Vlahara,1,2.176432474650000,-4.759785981810000,0.000001937983480,9,-3
SITE_0022,Church of the Holy Archangels,1,2.176432474650000,-4.759785981810000,0.000001937983480,9,-3
SITE_0023,Fortification of Mesembria Pontica,1,2.491633825520000,-4.687349001850000,0.000002767667640,9,-3
SITE_0024,Foundations of Basilica Eliusa,1,2.176432474650000,-4.759785981810000,0.000001937983480,9,-3
SITE_0025,Mesembria Terms,1,1.745816912760000,-4.759785981810000,0.000001937983480,9,-3
SITE_0026,Mesembria West St. John,1,4.320871980970000,-4.194531565890000,0.000027343607334,9,-3
SITE_0027,Stara Mitropolia,1,2.176432474650000,-4.759785981810000,0.000001937983480,9,-3
SITE_0028,Anchialos Building,1,1.587711918590000,-4.063197741110000,0.000048404990025,9,-3
SITE_0029,Anchialos Christian Church,1,1.916215015130000,-4.063197741110000,0.000048404990025,9,-3
SITE_0030,Anchialos Church,1,2.288325502810000,-4.063197741110000,0.000048404990025,9,-3
SITE_0031,Anchialos Fortification,1,1.916215015130000,-4.063197741110000,0.000048404990025,9,-3
SITE_0032,Anchialos Necropolis,1,3.032546478160000,-4.063197741110000,0.000048404990025,9,-3
SITE_0033,Pomorie tomb,1,2.351019744750000,-4.063197741110000,0.000048404990025,9,-3
SITE_0034,Begliktash,1,2.761951633910000,-3.935847284290000,0.000082903681959,9,-3
SITE_0035,Chengerska mound,1,2.853491360720000,-3.935847284290000,0.000082903681959,9,-3
SITE_0036,Mound Stamopolu,1,2.853491360720000,-3.935847284290000,0.000082903681959,9,-3
SITE_0037,Oriospotamo,1,1.745816912760000,-3.679301176240000,0.000233873941071,9,-3
SITE_0038,Ranuli Fortress,1,2.331082114860000,-3.935847284290000,0.000082903681959,9,-3
SITE_0039,Thera Fortress foundation,1,1.670823634760000,-3.935847284290000,0.000082903681959,9,-3
SITE_0040,Rusokastro Fortress,1,2.918794033450000,-3.816051580910000,0.000135604168872,9,-3
SITE_0041,Apollonia Pontica Cape Skamni,1,1.745816912760000,-4.120844659320000,0.000037748589220,9,-3
SITE_0042,Apollonia Pontica Chapel,1,2.831780773740000,-4.095013923440000,0.000042214301746,9,-3
SITE_0043,Fortification of St. John Monastery,1,3.037663598440000,-4.095013923440000,0.000042214301746,9,-3
SITE_0044,Island St. Kirik and St. Julita,1,1.745816912760000,-4.095013923440000,0.000042214301746,9,-3
SITE_0045,Mesarite,1,3.688401283810000,-3.322622521830000,0.000891754993867,9,-3
SITE_0046,Monastery of St. John the Baptist,1,2.176432474650000,-4.095013923440000,0.000042214301746,9,-3
SITE_0047,Necropolis of Apollonia I,1,3.304274113630000,-3.000985031360000,0.002691077933100,9,-3
SITE_0048,Necropolis of Apollonia II,1,3.576001749100000,-3.291508184490000,0.000996517169905,9,-3
SITE_0049,Necropolis of Apollonia III,1,3.576001749100000,-3.291508184490000,0.000996517169905,9,-3
SITE_0050,Sozopolis Southern Complex,1,2.176432474650000,-4.120844659320000,0.000037748589220,9,-3
SITE_0051,Sozopolis Southern Fortification,1,2.459670286060000,-4.095013923440000,0.000042214301746,9,-3
SITE_0052,St. Marina Oikos,1,3.440611218380000,-3.322622521830000,0.000891754993867,9,-3
SITE_0053,Via sacra,1,2.187942650590000,-3.322622521830000,0.000891754993867,9,-3
SITE_0054,Aquae Calidae,1,2.832430030250000,-4.351655201100000,0.000013511362757,9,-3
SITE_0055,Alexandrovo Tomb,1,6.131972806810000,4.086538574190000,0.000043785671544,9,3
SITE_0056,Asara Shrine and Fortress,1,4.270405839120000,2.320921621020000,0.020291074412300,9,2
SITE_0057,Dolmen Slavova Koriya,1,5.557307033000000,2.242362882020000,0.024937928703400,9,2
SITE_0058,Dolmen Gaidarov dolap,1,5.805097098420000,2.118523526920000,0.034130754570400,9,2
SITE_0059,Deaf Stones,2,7.530966644430000,3.842016642700000,0.000122027559791,9,3
SITE_0060,Cromlech,1,6.288223145420000,2.764082874470000,0.005708303916100,9,3
SITE_0061,Mound Dolno Botevo,1,6.732138809250000,3.783417992660000,0.000154689307557,9,3
SITE_0062,Kovan Kaya,1,4.987545916140000,2.540061567980000,0.011083295631600,9,2
SITE_0063,Kovan Kaya niches I,3,5.404898306470000,2.540061567980000,0.011083295631600,9,2
SITE_0064,Gledka mound I,1,6.732138809250000,4.052597904090000,0.000050652016078,9,3
SITE_0065,Gledka mound II,1,6.732138809250000,4.052597904090000,0.000050652016078,9,3
SITE_0066,Furnadzhika,2,5.827130832750000,3.425889101980000,0.000612790523739,9,3
SITE_0067,Dolmen Gorno Voyvodino,1,6.392809017010000,3.862340611360000,0.000112305836251,9,3
SITE_0068,Dolmen Nachovi chairi,1,4.969595114410000,2.118523526920000,0.034130754570400,9,2
SITE_0069,Rodostitsa Fortress,1,5.732100234270000,3.445149362740000,0.000570743919051,9,3
SITE_0070,Villa Armira,1,4.774061576940000,2.526175798130000,0.011531176319300,9,2
SITE_0071,Castra Rubra,1,5.290171398600000,2.564333334110000,0.010337421296600,9,2
SITE_0072,Kapitan Petko Voyvoda mound I,1,6.144426890660000,1.433639319090000,0.151675216915000,9,0
SITE_0073,Sanctuary of Nymphs and Aphrodite,1,6.478049319630000,4.221018446980000,0.000024320103140,9,3
SITE_0074,Fortress Klokotnitsa,1,5.701695348680000,4.221018446980000,0.000024320103140,9,3
SITE_0075,Fortified ruling house,1,4.710076521490000,1.433639319090000,0.151675216915000,9,0
SITE_0076,Dolmen Mangura,2,5.529738028920000,1.644937806560000,0.099982637364000,9,1
SITE_0077,Dolmen Starite Loza,2,5.529738028920000,1.644937806560000,0.099982637364000,9,1
SITE_0078,Hambar Kaya II,3,6.363027094990000,2.764082874470000,0.005708303916100,9,3
SITE_0079,Deaf Stones Church,2,6.514719747400000,3.842016642700000,0.000122027559791,9,3
SITE_0080,Bukelon Fortress,1,5.622017644800000,1.750351061230000,0.080057755089300,9,1
SITE_0081,Matochina Rock Church,1,5.948893353180000,1.609088326680000,0.107597029378000,9,0
SITE_0082,Merichleri mound I,1,7.272230500320000,4.315591493830000,0.000015917610486,9,3
SITE_0083,Merichleri mound II,1,7.272230500320000,4.315591493830000,0.000015917610486,9,3
SITE_0084,Merichleri mound III,1,7.272230500320000,4.315591493830000,0.000015917610486,9,3
SITE_0085,Mezek Tumulus,1,6.308160775310000,3.528633820470000,0.000417710691114,9,3
SITE_0086,Neutzikon Fortress,1,5.609563560950000,3.528633820470000,0.000417710691114,9,3
SITE_0087,Mihalich Rock Church,3,4.883870291750000,2.062479627410000,0.039162095190500,9,2
SITE_0088,Dolmen Bayamluka,1,5.204931095980000,2.242635007160000,0.024920360864000,9,2
SITE_0089,Orlovo Town,1,5.361773495520000,3.301958295570000,0.000960123443485,9,3
SITE_0090,Dolmen Kapakliyka II,1,5.381119064490000,2.169234929400000,0.030064852552900,9,2
SITE_0091,Mehir Stone Chuchul,1,5.968830983080000,2.370916323720000,0.017744047714900,9,2
SITE_0092,Ak Kaya,3,6.343972573860000,2.738444056270000,0.006173066200620,9,3
SITE_0093,Kara inn,3,6.343972573860000,2.738444056270000,0.006173066200620,9,3
SITE_0094,Dolmen Plevun,1,5.733495001510000,2.474206668980000,0.013353242580900,9,2
SITE_0095,Kovan Kaya niches II,2,5.684674035350000,2.540061567980000,0.011083295631600,9,2
SITE_0096,Efraim Fortress,3,6.576204340420000,2.809241479410000,0.004965838368400,9,3
SITE_0097,Dolmen Bakalov kladenets,1,5.204931095980000,1.342683172200000,0.179374585894000,9,0
SITE_0098,Dolmen Byalata treva,1,5.876699195340000,2.242362882020000,0.024937928703400,9,2
SITE_0099,Dolmen Kapakliyka I,1,5.452721161410000,1.898548657040000,0.057623844514200,9,1
SITE_0100,Dolmen Kliftinova niva,1,5.700511226840000,1.620902742420000,0.105038498620000,9,0
SITE_0101,Dolmen Paskalevi kelemeta,1,5.452721161410000,1.342683172200000,0.179374585894000,9,0
SITE_0102,Dolmen Sakartsi,2,3.825902217250000,1.342683172200000,0.179374585894000,9,0
SITE_0103,Burdenis Fortress,1,5.721766474010000,2.930196997020000,0.003387471777600,9,3
SITE_0104,Svilengrad mound necropolis,1,6.688821274320000,3.304985395010000,0.000949813493213,9,3
SITE_0105,Svirachi Golyamata Mogila,1,5.968238922150000,2.526175798130000,0.011531176319300,9,2
SITE_0106,Paleokastro Fortress,2,4.666058105410000,1.628282485450000,0.103465001504000,9,0
SITE_0107,Paparimsko Kale,2,4.349162140700000,1.620902742420000,0.105038498620000,9,0
SITE_0108,Holy Trinity Monastery,1,6.053479224770000,1.433639319090000,0.151675216915000,9,0
SITE_0109,Orlovi Skali,3,5.112875586310000,1.359409942210000,0.174016722371000,9,0
SITE_0110,Dupchen Kamak,1,4.537541473520000,1.170467307540000,0.241812983483000,9,0
SITE_0111,Hambar Dere Necropolis,1,5.452129100490000,1.854836615980000,0.063619561502300,9,1
SITE_0112,Chernichino mound,2,5.456437882820000,2.252133609870000,0.024313829922500,9,2
SITE_0113,Patmos Fortress,1,4.333794499380000,1.201688792680000,0.229484146825000,9,0
SITE_0114,Duzhdovnitsa niches,3,5.063006106920000,1.363130004130000,0.172841542190000,9,0
SITE_0115,Perperikon,2,5.815368815080000,1.781889700090000,0.074767220510300,9,1
SITE_0116,Church of St. John Prodomus,1,3.134374235070000,1.166503236180000,0.243411061189000,9,0
SITE_0117,Necropolis of St. John Prodomus,1,3.625008289290000,1.166503236180000,0.243411061189000,9,0
SITE_0118,Toplitsa,1,4.290935529940000,2.979828500990000,0.002884098038220,9,3
SITE_0119,Moryantsi tomb,1,5.712965310690000,2.522517996990000,0.011651798776500,9,2
SITE_0120,Sivri Kaya niches,3,7.132481489100000,2.401998726720000,0.016305765187000,9,2
SITE_0121,Arkata,3,5.481237177550000,2.540061567980000,0.011083295631600,9,2
SITE_0122,Gouk in cave,3,4.559105041280000,2.540061567980000,0.011083295631600,9,2
SITE_0123,Pop Martinova Dypka,3,6.403369313820000,2.540061567980000,0.011083295631600,9,2
SITE_0124,Ada Tepe,2,5.937662838730000,2.103086011580000,0.035458251525500,9,2
SITE_0125,Redestyuk Fortress,2,3.576511062280000,1.884479815630000,0.059500102530900,9,1
SITE_0126,Tatul,2,5.444675865150000,2.424460103310000,0.015331167793800,9,2
SITE_0127,Ustra,2,5.537479172140000,0.915173695980000,0.360100461761000,9,0
SITE_0128,Vishegrad Fortress,1,5.509218336550000,1.291920295990000,0.196384748239000,9,0
SITE_0129,Hambar Kaya,2,6.030466145720000,0.915173695980000,0.360100461761000,9,0
SITE_0130,Asar Kaya niches,3,6.916797640020000,1.794277914640000,0.072768821376000,9,1
SITE_0131,Mal Asar,2,6.030466145720000,0.915173695980000,0.360100461761000,9,0
SITE_0132,Sredna Arda Rock cut niches,3,5.988943746780000,2.059487233700000,0.039447586739300,9,2
SITE_0133,Shan Kaya,3,5.328559435390000,2.306707678600000,0.021071121902800,9,2
SITE_0134,Belovo Basilica,2,5.860170473200000,1.738467462120000,0.082128478573900,9,1
SITE_0135,St. Spas Basilica,2,5.860170473200000,1.738467462120000,0.082128478573900,9,1
SITE_0136,Roman bridge Bratsigovo,2,5.160819540890000,1.026500135590000,0.304655914131000,9,0
SITE_0137,Dzhenevra,2,5.160819540890000,1.245889515780000,0.212804983704000,9,0
SITE_0138,Pashino Bardo,2,5.160819540890000,1.634381718050000,0.102178724544000,9,0
SITE_0139,Tsepina,2,6.547759387850000,1.475958764670000,0.139954962315000,9,0
SITE_0140,Church of St. Dimitar,1,4.765242912720000,1.065875443170000,0.286479967097000,9,0
SITE_0141,Peristera Fortress,1,2.933462138980000,1.023355953570000,0.306139591339000,9,0
SITE_0142,Kulata Gradot,2,5.695841482010000,1.475958764670000,0.139954962315000,9,0
SITE_0143,The tower Kalinkata,2,5.695841482010000,1.795100792790000,0.072637642494000,9,1
SITE_0144,Tatarsko Kale,2,4.090775658640000,-1.250902731800000,0.210969991409000,9,0
SITE_0145,Emporion Pistiros,1,3.772108989490000,1.738467462120000,0.082128478573900,9,1
SITE_0146,Zhaba Mogila,1,3.793579216320000,-1.446764141910000,0.147962992928000,9,0
SITE_0147,Lyubnishko Kale,2,5.695841482010000,0.736661429552000,0.461328273702000,9,0
SITE_0148,Bona Mansio,1,3.527035642850000,1.738467462120000,0.082128478573900,9,1
SITE_0149,Tell Yunatsite,1,5.709523035550000,0.980685840682000,0.326747701154000,9,0
SITE_0150,Anevo Kale,2,4.090775658640000,-2.615442065260000,0.008911203743010,9,-3
SITE_0151,Asenova Fortress,3,6.190360555090000,2.155072405960000,0.031156168653300,9,2
SITE_0152,Bachkovo Monastery,1,4.558204659770000,2.155072405960000,0.031156168653300,9,2
SITE_0153,Church of St. George Metokha,1,4.695076629850000,1.899787674520000,0.057460989073400,9,1
SITE_0154,Church of the Holy Virgin of Petrich,3,6.319626890870000,2.155072405960000,0.031156168653300,9,2
SITE_0155,Stanimaka Fortress ruins,1,3.984051389180000,1.899787674520000,0.057460989073400,9,1
SITE_0156,Golyama Dragoyna,2,6.783614063250000,3.487587564510000,0.000487399293323,9,3
SITE_0157,Monastery of St. Cyril and St. Yulita,2,5.008252567370000,1.798831914850000,0.072045273233800,9,1
SITE_0158,Diocletionopolis,3,1.988378563950000,-2.821666515910000,0.004777482821070,9,-3
SITE_0159,Hisarya Basilica 1,1,2.661085247000000,-2.821666515910000,0.004777482821070,9,-3
SITE_0160,Hisarya Basilica 3,1,2.661085247000000,-2.821666515910000,0.004777482821070,9,-3
SITE_0161,Hisarya Basilica 8,1,2.661085247000000,-2.821666515910000,0.004777482821070,9,-3
SITE_0162,Hisarya Fortress walls,1,2.288974759320000,-2.821666515910000,0.004777482821070,9,-3
SITE_0163,Hisarya Roman Baths,3,1.988378563950000,-2.821666515910000,0.004777482821070,9,-3
SITE_0164,Stone of Tsar Asen,3,4.319626890870000,0.827269127828000,0.408084545813000,9,0
SITE_0165,Monastery of Saints Cosmas and Damian,3,6.090610277620000,1.798831914850000,0.072045273233800,9,1
SITE_0166,Maltepe,1,5.079085642960000,0.846379213885000,0.397341238849000,9,0
SITE_0167,Red Church,1,4.042553403590000,1.325849836860000,0.184889441518000,9,0
SITE_0168,Ancient Theatre of Philippopolis,3,3.545834047350000,0.824811463258000,0.409478645432000,9,0
SITE_0169,Domus Eirene,1,4.934111395500000,1.019596010030000,0.307920112206000,9,0
SITE_0170,East Gate Philippopolis,1,5.001298513030000,0.571754356996000,0.567488405969000,9,0
SITE_0171,Episcopal Great Basilica,1,5.239034765640000,1.105111379380000,0.269111347944000,9,0
SITE_0172,Hellenistic buildings,1,5.983255741000000,1.019596010030000,0.307920112206000,9,0
SITE_0173,Hisarya Kapia,1,5.001298513030000,0.486238987646000,0.626797733499000,9,0
SITE_0174,Inner Fortress wall of Philippopolis,3,3.631400577740000,0.486238987646000,0.626797733499000,9,0
SITE_0175,Minor Basilica,1,5.306221883180000,0.925767222926000,0.354566975258000,9,0
SITE_0176,Nebet Tepe,1,5.001298513030000,0.486238987646000,0.626797733499000,9,0
SITE_0177,Outer Fortress wall of Philippopolis,1,5.001298513030000,0.571754356996000,0.567488405969000,9,0
SITE_0178,Peristyle building and street intersection,1,4.934111395500000,1.019596010030000,0.307920112206000,9,0
SITE_0179,Philippopolis Roman Baths I,1,4.934111395500000,0.793930682620000,0.427235793350000,9,0
SITE_0180,Remains of Fortress wall of Philippopolis,1,4.934111395500000,1.019596010030000,0.307920112206000,9,0
SITE_0181,Roman Forum of Philippopolis,1,4.866924277960000,1.019596010030000,0.307920112206000,9,0
SITE_0182,Roman Stadium of Philippopolis,1,4.934111395500000,0.455358207009000,0.648851558404000,9,0
SITE_0183,Spas Bair hill,1,4.290935529940000,1.518301526230000,0.128938403110000,9,0
SITE_0184,Belintash,2,6.417064608120000,2.609045586930000,0.009079514586570,9,3
SITE_0185,Chetinyova Mogila,3,5.683036880800000,-2.821666515910000,0.004777482821070,9,-3
SITE_0186,Horizon mound,1,3.193413213880000,-2.821666515910000,0.004777482821070,9,-3
SITE_0187,Royal tomb,1,4.465347315680000,-2.821666515910000,0.004777482821070,9,-3
SITE_0188,Church of St. Nicholas,1,5.306221883180000,1.035036400350000,0.300651926889000,9,0
SITE_0189,Chintulovo mound,1,3.029679329230000,-0.313349919562000,0.754014828455000,9,0
SITE_0190,Nanchovata Mogila,1,3.267135634400000,-0.969348397655000,0.332371401722000,9,0
SITE_0191,Dyadovo settlement,1,4.693631725160000,0.312110047730000,0.754956891176000,9,0
SITE_0192,Kaloyanovo Mound I,1,3.865181313240000,-0.817543135836000,0.413618116443000,9,0
SITE_0193,Kaloyanovo Mound II,1,3.865181313240000,-0.817543135836000,0.413618116443000,9,0
SITE_0194,Kaloyanovo Mound III,1,4.041369281750000,-0.817543135836000,0.413618116443000,9,0
SITE_0195,Kaloyanovo Tumulus,1,4.041369281750000,-0.817543135836000,0.413618116443000,9,0
SITE_0196,Kamen mogila,1,5.288395215840000,-0.817543135836000,0.413618116443000,9,0
SITE_0197,Kota 255,1,4.106671954470000,0.712021636797000,0.476451382947000,9,0
SITE_0198,Prehistoric Wide Mound,1,4.968410992570000,0.682533515733000,0.494901662029000,9,0
SITE_0199,Roman Karanovo mound,1,4.452893231820000,0.712021636797000,0.476451382947000,9,0
SITE_0200,Tell Karanovo,1,4.421904089700000,0.682533515733000,0.494901662029000,9,0
SITE_0201,Boz Bair,1,4.616627116480000,0.015268339238000,0.987818101165000,9,0
SITE_0202,Boz Bair mound I,1,4.969003053490000,0.015268339238000,0.987818101165000,9,0
SITE_0203,Boz Bair mound II,1,5.216793118920000,0.015268339238000,0.987818101165000,9,0
SITE_0204,Tuida Fortress,1,2.859646020380000,-0.976456844149000,0.328838136506000,9,0
SITE_0205,Sokol Himitliyata,1,3.781125132470000,0.607719024752000,0.543373846188000,9,0
SITE_0206,Staro Selo Mogila,1,5.392981087420000,0.162526884787000,0.870890958782000,9,0
SITE_0207,Tvarditsa Fortress,3,5.345107352880000,-0.061483368239800,0.950974259566000,9,0
SITE_0208,Gela Basilica,2,6.252735616930000,1.239854510420000,0.215029235663000,9,0
SITE_0209,Gradishte Fortress,2,5.629053863620000,1.239854510420000,0.215029235663000,9,0
SITE_0210,Momchilova Fortress,2,4.777135957780000,2.329134561450000,0.019851938259700,9,2
SITE_0211,Kaleto Fortress Koshnitsa,2,4.625797599760000,1.228836425420000,0.219133164674000,9,0
SITE_0212,Uleya Cave,3,4.415954559680000,1.228836425420000,0.219133164674000,9,0
SITE_0213,St. Ilia Fortress,2,4.777135957780000,1.328029513300000,0.184168357206000,9,0
SITE_0214,Yagodinska Cave,3,3.984586861530000,1.328029513300000,0.184168357206000,9,0
SITE_0215,Tyovnata dupka,2,5.640815881290000,2.027985809430000,0.042561696332500,9,2
SITE_0216,Bratya Daskalovi mound,1,5.610495996810000,1.479927999610000,0.138892462475000,9,0
SITE_0217,Momina Mogila,1,5.804505037500000,2.475471442220000,0.013306040265700,9,2
SITE_0218,Buzovo Kale,2,4.166444837650000,-1.682726934330000,0.092427965132400,9,-1
SITE_0219,Thracian domed tomb,1,3.823984101910000,-1.682726934330000,0.092427965132400,9,-1
SITE_0220,Pizus Fortress,1,4.702459480020000,4.045465262760000,0.000052219308872,9,3
SITE_0221,Tomb of Kazanlak,2,3.731844726380000,-1.682726934330000,0.092427965132400,9,-1
SITE_0222,Kran Fortress,3,4.638659065680000,-1.763073209490000,0.077888143015800,9,-1
SITE_0223,Kesteleva Mogila,1,3.101281426150000,-1.682726934330000,0.092427965132400,9,-1
SITE_0224,Malak Dol mound,1,5.380527003570000,1.479927999610000,0.138892462475000,9,0
SITE_0225,Karasura,1,4.526271511510000,3.074054987910000,0.002111705062780,9,3
SITE_0226,Tomb of Sashnova,1,2.958077232310000,-2.450088190680000,0.014282122908400,9,-2
SITE_0227,Golyama Arsenalka tomb,1,2.605701295300000,-2.450088190680000,0.014282122908400,9,-2
SITE_0228,Mezideva Fortress,2,4.090775658640000,-1.763073209490000,0.077888143015800,9,-1
SITE_0229,Ostrusha tomb,3,3.182193800470000,-1.763073209490000,0.077888143015800,9,-1
SITE_0230,Sarafova Mogila,1,2.853491360720000,-1.763073209490000,0.077888143015800,9,-1
SITE_0231,Tomb of Helvetia,1,3.032546478160000,-2.189780761850000,0.028540140609100,9,-2
SITE_0232,Tomb of Malka Kosmatka,1,3.205867297740000,-2.189780761850000,0.028540140609100,9,-2
SITE_0233,Tomb of Seuthes III,1,3.205867297740000,-2.450088190680000,0.014282122908400,9,-2
SITE_0234,Tomb of Shushmanets,3,5.029656261300000,-1.722583140810000,0.084963935930400,9,-1
SITE_0235,Tomb of Svetitzata,1,2.958077232310000,-1.763073209490000,0.077888143015800,9,-1
SITE_0236,Tomb of The Griffins,1,3.029679329230000,-2.450088190680000,0.014282122908400,9,-2
SITE_0237,Augusta Traiana Vereia,1,2.933462138980000,-1.268792350960000,0.204515159185000,9,0
SITE_0238,Neolithic dwellings,1,4.592599616430000,-1.472030613060000,0.141012610994000,9,0
SITE_0239,Bereket Mound,1,3.532743006120000,-1.187454228230000,0.235048522036000,9,0
SITE_0240,Roman mineral baths,1,1.916215015130000,-1.733723505540000,0.082967153820700,9,-1
SITE_0241,Fortress Zemlen,1,5.290171398600000,-0.262539743559000,0.792905348949000,9,0
SITE_0242,Cheir maj Kaleto,1,6.248210055930000,4.315591493830000,0.000015917610486,9,3
SITE_0243,Hisara Fortress,1,6.766541425750000,4.045465262760000,0.000052219308872,9,3
SITE_0244,Monastery of St. Athanasius the Great,1,6.934111395500000,4.045465262760000,0.000052219308872,9,3
SITE_0245,Kaleto Fortress Bolyarovo,1,3.598637739770000,0.451314299253000,0.651763041787000,9,0
SITE_0246,Ancient Kabile,1,3.721174413090000,-0.699793276384000,0.484056419239000,9,0
SITE_0247,Roman residence,1,3.703223611350000,0.241315646779000,0.809310485015000,9,0
SITE_0248,Malkoto Kale Fortress,1,3.846427805190000,0.501322414236000,0.616144234977000,9,0
SITE_0249,Dabilin Fortress,1,3.779510871240000,-0.606147367435000,0.544416902626000,9,0
SITE_0250,Zaychi Vrah,3,5.362049484000000,-0.699793276384000,0.484056419239000,9,0
